review_text,rating,review_date,bank,source,app_package
🙏👍,5,2025-11-29,BOA,Google Play,com.boa.boaMobileBanking
Very Good,5,2025-11-28,BOA,Google Play,com.boa.boaMobileBanking
goof,5,2025-11-28,BOA,Google Play,com.boa.boaMobileBanking
good!,5,2025-11-28,BOA,Google Play,com.boa.boaMobileBanking
good jop,5,2025-11-27,BOA,Google Play,com.boa.boaMobileBanking
bad exprience...it is so crushed,1,2025-11-27,BOA,Google Play,com.boa.boaMobileBanking
not user friendly at all it requires a huge connectivity and also lags many times 😑😑😑,1,2025-11-26,BOA,Google Play,com.boa.boaMobileBanking
ምንም የማይ ሰራ,1,2025-11-26,BOA,Google Play,com.boa.boaMobileBanking
very good,5,2025-11-25,BOA,Google Play,com.boa.boaMobileBanking
most of the time is not working properly,1,2025-11-25,BOA,Google Play,com.boa.boaMobileBanking
good service,5,2025-11-24,BOA,Google Play,com.boa.boaMobileBanking
not use for me,3,2025-11-23,BOA,Google Play,com.boa.boaMobileBanking
It keeps notifying me to disable developer options and quiet while I'm not enabled. always bring another type of problem with new updates.,1,2025-11-22,BOA,Google Play,com.boa.boaMobileBanking
waw,5,2025-11-21,BOA,Google Play,com.boa.boaMobileBanking
the lag is unbelievable when you need it the most this suks,1,2025-11-19,BOA,Google Play,com.boa.boaMobileBanking
I cant belive I could find the worst bank app ever .yet very simple to fix the problem and the company just ignored it. no body can do business with this kind of app.,1,2025-11-18,BOA,Google Play,com.boa.boaMobileBanking
it is a good app,5,2025-11-18,BOA,Google Play,com.boa.boaMobileBanking
it is not working at all,1,2025-11-15,BOA,Google Play,com.boa.boaMobileBanking
🥰🥰🥰🥰🥰 app is good but i was live in abroad and when i enter my otp code it didnt make me to write my code it the app want it self write thats not fair so please other wise i like it why,5,2025-11-15,BOA,Google Play,com.boa.boaMobileBanking
when trying to activate the app it keeps on loading on the security questions page. It has been two days,1,2025-11-13,BOA,Google Play,com.boa.boaMobileBanking
fast and simple,5,2025-11-11,BOA,Google Play,com.boa.boaMobileBanking
best of best,5,2025-11-10,BOA,Google Play,com.boa.boaMobileBanking
Worest Banking App Ever I seen. Fake App Bad Better to Leave,1,2025-11-10,BOA,Google Play,com.boa.boaMobileBanking
good,4,2025-11-10,BOA,Google Play,com.boa.boaMobileBanking
"I would like to share feedback regarding the application. It frequently experiences disruptions and does not function properly, often freezing or failing to load. This issue is affecting workflow and efficiency. Kindly review and address this problem to ensure smoother performance.",1,2025-11-08,BOA,Google Play,com.boa.boaMobileBanking
Meet you genuine.App I tried is not functional.Helping.welldoingwith BOA Ethiopia .fastandrelevant.morconnecting Digitalyworld.Digitalyworld. thanks.,5,2025-11-08,BOA,Google Play,com.boa.boaMobileBanking
best app,5,2025-11-08,BOA,Google Play,com.boa.boaMobileBanking
Best app,5,2025-11-07,BOA,Google Play,com.boa.boaMobileBanking
"Barely works, it always fails to connect",1,2025-11-07,BOA,Google Play,com.boa.boaMobileBanking
my fav app,5,2025-11-07,BOA,Google Play,com.boa.boaMobileBanking
this app launch time is so long also has dozen bugs in addition it's has been long time get update,1,2025-11-05,BOA,Google Play,com.boa.boaMobileBanking
very nice,5,2025-11-04,BOA,Google Play,com.boa.boaMobileBanking
"Your application is very irritating to use, some functionality doesn't even work like on the card management. You need to do better than this and it good idea to reference other banking applications.",3,2025-11-04,BOA,Google Play,com.boa.boaMobileBanking
I like,5,2025-11-02,BOA,Google Play,com.boa.boaMobileBanking
ወይ አሻሽሉትና እንጠቀምበት ያለያ ብታጠፉት ይሻላል። በቃ ምንም ነገር አይሰራም መተግበሪያ አለን ብላችሁ እንዳታወሩ ለማንም የማይመከር ቀርፋፋና ተግባር የለሽ መተግበሪያ,1,2025-11-01,BOA,Google Play,com.boa.boaMobileBanking
i m sorry but it doesn't work for my android it is too slow but other bank are very fast please update,1,2025-10-30,BOA,Google Play,com.boa.boaMobileBanking
"the worst app ever,",1,2025-10-30,BOA,Google Play,com.boa.boaMobileBanking
better,5,2025-10-29,BOA,Google Play,com.boa.boaMobileBanking
"I kindly request that Bank of abyssinia address issues with its mobile app. It is very slow, has numerous problems, and frequently experiences downtime. The user experience is also poor. Thank you.",1,2025-10-28,BOA,Google Play,com.boa.boaMobileBanking
this app can't open? what is problem? please solve my problem?,1,2025-10-27,BOA,Google Play,com.boa.boaMobileBanking
kiyaa makonn,5,2025-10-27,BOA,Google Play,com.boa.boaMobileBanking
very very lazy app,1,2025-10-26,BOA,Google Play,com.boa.boaMobileBanking
telebirr remittance,5,2025-10-24,BOA,Google Play,com.boa.boaMobileBanking
The best bank in 🇪🇹,5,2025-10-23,BOA,Google Play,com.boa.boaMobileBanking
its good,5,2025-10-22,BOA,Google Play,com.boa.boaMobileBanking
the worst app in my financial experience.,1,2025-10-22,BOA,Google Play,com.boa.boaMobileBanking
good for mb appliciation,5,2025-10-21,BOA,Google Play,com.boa.boaMobileBanking
the worst bank ever. slow don't accept dual sim. they are very stupid and greedy,1,2025-10-20,BOA,Google Play,com.boa.boaMobileBanking
try to easy network,4,2025-10-17,BOA,Google Play,com.boa.boaMobileBanking
hussen hassen umer,5,2025-10-16,BOA,Google Play,com.boa.boaMobileBanking
"The app is not suitable and lacks a good UI design. As a large bank, you must update your app with a professional UI that is fast and appropriate.",2,2025-10-16,BOA,Google Play,com.boa.boaMobileBanking
an exceptional banking app.,5,2025-10-16,BOA,Google Play,com.boa.boaMobileBanking
alhamdulilah,5,2025-10-11,BOA,Google Play,com.boa.boaMobileBanking
poor,5,2025-10-11,BOA,Google Play,com.boa.boaMobileBanking
Best of best,5,2025-10-09,BOA,Google Play,com.boa.boaMobileBanking
from the last week updates the app is not working Please check the problems,1,2025-10-08,BOA,Google Play,com.boa.boaMobileBanking
It's always crushing,1,2025-10-08,BOA,Google Play,com.boa.boaMobileBanking
office branches have to improve their services please,4,2025-10-07,BOA,Google Play,com.boa.boaMobileBanking
♥️♥️,5,2025-10-05,BOA,Google Play,com.boa.boaMobileBanking
Why does it keep crashing? I can't even use this. BOA should do better. You have many customers and how to deal with this. I can't send money now.,1,2025-10-05,BOA,Google Play,com.boa.boaMobileBanking
it needs a timely update,5,2025-10-03,BOA,Google Play,com.boa.boaMobileBanking
"It does not show the name of the person who sent the money to request a receipt. This has become very difficult for us. When different people transfer the same amount to me from different banks, it is very difficult to identify the account or the name of the sender.",3,2025-10-01,BOA,Google Play,com.boa.boaMobileBanking
Like,5,2025-10-01,BOA,Google Play,com.boa.boaMobileBanking
I can't type my otp on it.,1,2025-10-01,BOA,Google Play,com.boa.boaMobileBanking
"most of bank apps in Ethiopia are linked with ethiopian phone number, I live in US permanently so when I open BoA account, I told them where I live and to link it with email address instead of phone # as ethio phone number is not working where I live, unfortunetly my fear appeared and now when I change my phone device, it send the code to the ethio number which is not with me now. so please when u develop bank apps consider the diaspora community to use ur apps",1,2025-10-01,BOA,Google Play,com.boa.boaMobileBanking
jaajja,4,2025-09-30,BOA,Google Play,com.boa.boaMobileBanking
I love this bank the best experience ever.,5,2025-09-28,BOA,Google Play,com.boa.boaMobileBanking
"Nothing has been improved, it doesn't work like the previous version.",1,2025-09-25,BOA,Google Play,com.boa.boaMobileBanking
easy and fast,5,2025-09-24,BOA,Google Play,com.boa.boaMobileBanking
Great,5,2025-09-20,BOA,Google Play,com.boa.boaMobileBanking
mobile banking,5,2025-09-19,BOA,Google Play,com.boa.boaMobileBanking
😎,5,2025-09-17,BOA,Google Play,com.boa.boaMobileBanking
"need alot of connection, chooses device, very lug even when there is connection",1,2025-09-17,BOA,Google Play,com.boa.boaMobileBanking
On my ios it's perfect but on android it barley works and don't transfer and after a while it crushed and totally stopped working. Please fix the issue my beloved bank of abyssinia.,1,2025-09-15,BOA,Google Play,com.boa.boaMobileBanking
since the last update i can open the app crashes a lot and omg its being very slow opening and loading,2,2025-09-15,BOA,Google Play,com.boa.boaMobileBanking
none,5,2025-09-14,BOA,Google Play,com.boa.boaMobileBanking
very good app i ever used,5,2025-09-12,BOA,Google Play,com.boa.boaMobileBanking
its nice app especially the transaction limit is extended but We face that BoA m.banking app doesn't respond at the activation stage strictly at SMSNG mobile phone. please try this to make safe.,4,2025-09-11,BOA,Google Play,com.boa.boaMobileBanking
zedo,5,2025-09-10,BOA,Google Play,com.boa.boaMobileBanking
please open my mobile app,5,2025-09-10,BOA,Google Play,com.boa.boaMobileBanking
it doesn't open,1,2025-09-10,BOA,Google Play,com.boa.boaMobileBanking
masha alla,5,2025-09-07,BOA,Google Play,com.boa.boaMobileBanking
Best banking transaction application in Ethiopia !,5,2025-09-05,BOA,Google Play,com.boa.boaMobileBanking
السلام عليكم ورحمة الله وبركاته ماشاء الله تبارك الرحمن هذا التطبيق ممتاز جدا,5,2025-09-04,BOA,Google Play,com.boa.boaMobileBanking
tamaam kamal,1,2025-09-03,BOA,Google Play,com.boa.boaMobileBanking
በጣም ሐሪፍ,5,2025-09-03,BOA,Google Play,com.boa.boaMobileBanking
great 👍,5,2025-09-02,BOA,Google Play,com.boa.boaMobileBanking
absiniya banki,5,2025-08-29,BOA,Google Play,com.boa.boaMobileBanking
has issue after installation and i think it doesn't work with tecno common 30,1,2025-08-26,BOA,Google Play,com.boa.boaMobileBanking
One of the best in this business,5,2025-08-25,BOA,Google Play,com.boa.boaMobileBanking
Excellent,5,2025-08-20,BOA,Google Play,com.boa.boaMobileBanking
besat🥰,5,2025-08-19,BOA,Google Play,com.boa.boaMobileBanking
unlimited experience,5,2025-08-18,BOA,Google Play,com.boa.boaMobileBanking
"as bank, u should at least hire someone good at their job bc this a joke nowadays I can't even log in or even transfer without it crashing if u fix the app I will update this review I am counting on u boa update: so they atleast fixed it but as suggestion can u put password when in final step of sending money it will feel more secure that way",4,2025-08-17,BOA,Google Play,com.boa.boaMobileBanking
very nice mobile banking app my favourite,5,2025-08-16,BOA,Google Play,com.boa.boaMobileBanking
"it almost never boots up!!! and even if it did, it crashes immediately",1,2025-08-15,BOA,Google Play,com.boa.boaMobileBanking
best apps,5,2025-08-15,BOA,Google Play,com.boa.boaMobileBanking
the worst app ever to exist in a bank history,1,2025-08-15,BOA,Google Play,com.boa.boaMobileBanking
thank you,5,2025-08-14,BOA,Google Play,com.boa.boaMobileBanking
Best mobile app in the country,5,2025-08-14,BOA,Google Play,com.boa.boaMobileBanking
not fast,2,2025-08-12,BOA,Google Play,com.boa.boaMobileBanking
keeps freezing at the front page.,1,2025-08-10,BOA,Google Play,com.boa.boaMobileBanking
it is not working on redminote 11 pro+ pls fix it,1,2025-08-08,BOA,Google Play,com.boa.boaMobileBanking
abseniya bank app,5,2025-08-08,BOA,Google Play,com.boa.boaMobileBanking
yes goode app,5,2025-08-03,BOA,Google Play,com.boa.boaMobileBanking
Great App,5,2025-08-02,BOA,Google Play,com.boa.boaMobileBanking
1) Crashes repeatedly 2) Takes Century to Boot 3) Repeatedly requires Update which is very annoying. 4) It doesn't ask for Password for one step confirmation when transferring money. 5) Automatically stops music when the app is launched (it doesn't really matter just fyi) Overall this have to be the worst mobile banking app I have tried so far and should not be released with all these bugs & issues.,1,2025-08-02,BOA,Google Play,com.boa.boaMobileBanking
ረጀብነሱ,1,2025-07-31,BOA,Google Play,com.boa.boaMobileBanking
The Worst Mobile Banking App.,1,2025-07-31,BOA,Google Play,com.boa.boaMobileBanking
giod,5,2025-07-30,BOA,Google Play,com.boa.boaMobileBanking
best bank in ethiopia,5,2025-07-29,BOA,Google Play,com.boa.boaMobileBanking
waqayyoo,5,2025-07-28,BOA,Google Play,com.boa.boaMobileBanking
please is not working,2,2025-07-27,BOA,Google Play,com.boa.boaMobileBanking
nothing when I need to install the Apk it say that re-up date,5,2025-07-25,BOA,Google Play,com.boa.boaMobileBanking
I can log in from any where,5,2025-07-23,BOA,Google Play,com.boa.boaMobileBanking
😇,3,2025-07-20,BOA,Google Play,com.boa.boaMobileBanking
no proplem,5,2025-07-20,BOA,Google Play,com.boa.boaMobileBanking
👍👍👍,5,2025-07-19,BOA,Google Play,com.boa.boaMobileBanking
excellent app,5,2025-07-18,BOA,Google Play,com.boa.boaMobileBanking
good work,5,2025-07-15,BOA,Google Play,com.boa.boaMobileBanking
☹️,5,2025-07-15,BOA,Google Play,com.boa.boaMobileBanking
excellent,5,2025-07-14,BOA,Google Play,com.boa.boaMobileBanking
Great BoA,5,2025-07-14,BOA,Google Play,com.boa.boaMobileBanking
Good,5,2025-07-14,BOA,Google Play,com.boa.boaMobileBanking
Okay,4,2025-07-13,BOA,Google Play,com.boa.boaMobileBanking
not working,1,2025-07-12,BOA,Google Play,com.boa.boaMobileBanking
This App is Getting worse and worse with every update,2,2025-07-11,BOA,Google Play,com.boa.boaMobileBanking
ምርጥ ነው,1,2025-07-10,BOA,Google Play,com.boa.boaMobileBanking
nice,5,2025-07-10,BOA,Google Play,com.boa.boaMobileBanking
meku,5,2025-07-07,BOA,Google Play,com.boa.boaMobileBanking
awasome app go a head,5,2025-07-04,BOA,Google Play,com.boa.boaMobileBanking
it sucks as hell. it crashes most of the time and takes a long time to load .,1,2025-07-03,BOA,Google Play,com.boa.boaMobileBanking
"The App is nice and easy to use but after some time it crushed and said ""Error check your device connectivity"" please fix it",3,2025-07-02,BOA,Google Play,com.boa.boaMobileBanking
Easy and very nice app to load more than the previouse but in recent time some loading problem detected.,5,2025-07-01,BOA,Google Play,com.boa.boaMobileBanking
wow,5,2025-07-01,BOA,Google Play,com.boa.boaMobileBanking
"The worst MBA I have experienced, The app crush frequently and they take to long to fix the problem even more than a week.",1,2025-06-27,BOA,Google Play,com.boa.boaMobileBanking
amazing Banks App👌👌,3,2025-06-25,BOA,Google Play,com.boa.boaMobileBanking
good App fore me,5,2025-06-25,BOA,Google Play,com.boa.boaMobileBanking
"very uninterested it's not working when the ""developer mode on"" i haven't off the developer options i preferred to uninstall your app .....",1,2025-06-24,BOA,Google Play,com.boa.boaMobileBanking
fantastic,5,2025-06-22,BOA,Google Play,com.boa.boaMobileBanking
👍,4,2025-06-21,BOA,Google Play,com.boa.boaMobileBanking
it's nice to use.,5,2025-06-21,BOA,Google Play,com.boa.boaMobileBanking
app doesn't start,1,2025-06-21,BOA,Google Play,com.boa.boaMobileBanking
Excellent application,5,2025-06-18,BOA,Google Play,com.boa.boaMobileBanking
its very bad app its very slow,1,2025-06-17,BOA,Google Play,com.boa.boaMobileBanking
ብዙዬ ሺዋየ በለጠ,1,2025-06-15,BOA,Google Play,com.boa.boaMobileBanking
Good job!,5,2025-06-13,BOA,Google Play,com.boa.boaMobileBanking
best financial app.,5,2025-06-12,BOA,Google Play,com.boa.boaMobileBanking
ቆንጆ ነው በርቱ,5,2025-06-11,BOA,Google Play,com.boa.boaMobileBanking
the worst app humans ever created,1,2025-06-09,BOA,Google Play,com.boa.boaMobileBanking
it's not working,3,2025-06-05,BOA,Google Play,com.boa.boaMobileBanking
"Hello, I’m facing a problem with the BOA Mobile app. Every time I enter my phone number and password, the app crashes and shows an error that says “BoaMobile closed because this app has a bug.” I tried updating, reinstalling, and clearing cache, but nothing worked. Please fix this bug in the next update. I really need access to my account. Thank you.",1,2025-06-03,BOA,Google Play,com.boa.boaMobileBanking
exceptional,5,2025-06-03,BOA,Google Play,com.boa.boaMobileBanking
BoA Mobile good bank,5,2025-06-02,BOA,Google Play,com.boa.boaMobileBanking
this is worest app 24/7 loading,1,2025-06-01,BOA,Google Play,com.boa.boaMobileBanking
BoA system is confartable,5,2025-05-31,BOA,Google Play,com.boa.boaMobileBanking
"this app, for me , is a waste of time. It doesn't work . I can't even long in, and it really piss me off. FIX THE PROBLEM",1,2025-05-27,BOA,Google Play,com.boa.boaMobileBanking
Good service.,3,2025-05-25,BOA,Google Play,com.boa.boaMobileBanking
the app crush frequently,1,2025-05-24,BOA,Google Play,com.boa.boaMobileBanking
You guys keeps getting worst,1,2025-05-22,BOA,Google Play,com.boa.boaMobileBanking
"This app is a joke. It crashes more than it works, takes forever to load, and half the features are just decorative at this point. Can’t log in, can’t transfer money, can’t even check my balance without it bugging out. To the developer: Are you actually trying to make this work, or is this some kind of social experiment to test our patience? Did you build this in your sleep? Because it definitely looks like it. If this is your idea of a functional app, maybe consider a different career path🙏",1,2025-05-21,BOA,Google Play,com.boa.boaMobileBanking
BoA,2,2025-05-20,BOA,Google Play,com.boa.boaMobileBanking
but not opening on android,4,2025-05-19,BOA,Google Play,com.boa.boaMobileBanking
Worst App ever. Totally unreliable. And it didn't work at all for the last 4 months.,1,2025-05-18,BOA,Google Play,com.boa.boaMobileBanking
amazing,5,2025-05-18,BOA,Google Play,com.boa.boaMobileBanking
"this app does no work on Samsung a51, it just gives a preview of the logo",1,2025-05-11,BOA,Google Play,com.boa.boaMobileBanking
"i entered incorrect security question by mistake boa app lock pin forever, why is there no other options? ?? i contacted different branchs more then 4times but they didn't able to solve this issue .",5,2025-05-10,BOA,Google Play,com.boa.boaMobileBanking
liking this application good 👍,5,2025-05-07,BOA,Google Play,com.boa.boaMobileBanking
"This app future is good, but there is problems with apps to reset and activate it, which is difficult even to the branch staffs, and it takes too long times to active at the branch plus most of the time high expected failure of activation after process at the counter and OTP sent not work",1,2025-05-06,BOA,Google Play,com.boa.boaMobileBanking
it's really good 👍,5,2025-04-23,BOA,Google Play,com.boa.boaMobileBanking
Bad app . it stuck when you open and noting WORKS.,1,2025-04-23,BOA,Google Play,com.boa.boaMobileBanking
"the app isn't working after it asked me the password it starts loading, but it doesn't open",3,2025-04-20,BOA,Google Play,com.boa.boaMobileBanking
Best,2,2025-04-19,BOA,Google Play,com.boa.boaMobileBanking
It keeps showing this pop up to turn off developer options even tho it's off! I had to turn on and then off to make it work! This is a horrible experience and needs a fix asap! Plus kinda slow.,1,2025-04-19,BOA,Google Play,com.boa.boaMobileBanking
yideg,1,2025-04-17,BOA,Google Play,com.boa.boaMobileBanking
great boa,5,2025-04-10,BOA,Google Play,com.boa.boaMobileBanking
boa of mobile backing,5,2025-04-09,BOA,Google Play,com.boa.boaMobileBanking
faster bank of Abissinya,5,2025-04-08,BOA,Google Play,com.boa.boaMobileBanking
i would have given it a lower if it was possible because it crush so much and it take the bank so long to fix the bug,1,2025-04-08,BOA,Google Play,com.boa.boaMobileBanking
it just doesn't work...so frustrating,1,2025-04-07,BOA,Google Play,com.boa.boaMobileBanking
like,5,2025-04-06,BOA,Google Play,com.boa.boaMobileBanking
it's not work correctly... you must have update it,1,2025-04-06,BOA,Google Play,com.boa.boaMobileBanking
"the app gets a considerable improvements like language , QR scanner and unlimited transfers survice. but BOA Please do alot on its fastness and convenient when we login and making a transactions.",5,2025-04-04,BOA,Google Play,com.boa.boaMobileBanking
after i typed in my password it says successfully logged out ...and goes back to the first page,2,2025-04-04,BOA,Google Play,com.boa.boaMobileBanking
good but they don't update enough don't add new things,3,2025-04-04,BOA,Google Play,com.boa.boaMobileBanking
it doesn't work period z slowest mobile banking ever i would rather use *815#,1,2025-03-31,BOA,Google Play,com.boa.boaMobileBanking
"after activated the application it not allowed to sign , automatically it is turn off In my phone, why ?",1,2025-03-31,BOA,Google Play,com.boa.boaMobileBanking
good application,5,2025-03-30,BOA,Google Play,com.boa.boaMobileBanking
this version is not working for me I cannot even buy card. I cannot send money,1,2025-03-30,BOA,Google Play,com.boa.boaMobileBanking
"It can't actively on initialization, it says incorrect OTP getting the exact OTP",1,2025-03-29,BOA,Google Play,com.boa.boaMobileBanking
always problematic hardly works,1,2025-03-26,BOA,Google Play,com.boa.boaMobileBanking
considering the fact the bank is huge this app really bad you could do better,1,2025-03-25,BOA,Google Play,com.boa.boaMobileBanking
"worst app and Bank ever u be ashamed, scammer",1,2025-03-24,BOA,Google Play,com.boa.boaMobileBanking
great BoA,5,2025-03-22,BOA,Google Play,com.boa.boaMobileBanking
best,5,2025-03-21,BOA,Google Play,com.boa.boaMobileBanking
i have went to the bank so many times because i couldn't make any transaction i can only see my balance nothing else so what is the point of having mobile banking if i can't make any transaction with it please work in that,1,2025-03-21,BOA,Google Play,com.boa.boaMobileBanking
there is no speed,1,2025-03-19,BOA,Google Play,com.boa.boaMobileBanking
"For anyone who wants to download it, just don't!!!",1,2025-03-19,BOA,Google Play,com.boa.boaMobileBanking
wonderful,5,2025-03-19,BOA,Google Play,com.boa.boaMobileBanking
all worck,5,2025-03-19,BOA,Google Play,com.boa.boaMobileBanking
Loved it,5,2025-03-14,BOA,Google Play,com.boa.boaMobileBanking
Wow,1,2025-03-14,BOA,Google Play,com.boa.boaMobileBanking
"Edit: New bug, app not letting me type in my otp codes. Shameful Why does this app not allow me to use it while having developer options on? Did y'all consider that I might, perhaps, be an actual developer? Why am I expected to toggle the option on and off just to bank (restarting my phone when I do)? Why is the message labled as somthing that will ""smoothen"" the experience? This is like the most ""security consultant"" thing to implement in an app. Please invest in actual security, not this mess.",1,2025-03-12,BOA,Google Play,com.boa.boaMobileBanking
Improved to be the best,5,2025-03-11,BOA,Google Play,com.boa.boaMobileBanking
"Decent, but there problems sometimes it says error When i transfer money but infact it transferred because of this bug i transferred 2 times instead of 1 and also we can't transfer money to others telebirr acc we only can to our self BOE Dev fix this !!!",3,2025-03-11,BOA,Google Play,com.boa.boaMobileBanking
BoA Greqt Ethiopian bank.,5,2025-03-11,BOA,Google Play,com.boa.boaMobileBanking
"The bug is still there,the app crashes every time i try to log in, especially in old phones like my Galaxy A32",1,2025-03-10,BOA,Google Play,com.boa.boaMobileBanking
Almost better compared to cbe where it is not qualified for,4,2025-03-09,BOA,Google Play,com.boa.boaMobileBanking
what awesome apps. it is very simple to use and more much important apps.,5,2025-03-09,BOA,Google Play,com.boa.boaMobileBanking
Wonderfull app,5,2025-03-08,BOA,Google Play,com.boa.boaMobileBanking
i can't use this app why?,5,2025-03-07,BOA,Google Play,com.boa.boaMobileBanking
Worst mobile banking app I ever experienced I was blaming other apps but comparing with this they're too much better!!!! It clashes it takes much longer time to login while loading in short it's a complete of trash,1,2025-03-06,BOA,Google Play,com.boa.boaMobileBanking
bro the worst app made by human kind!! as a software engineer it make me so sad seeing enterprise as big as BOA make apps like this. it is a disgrace for our country!!,1,2025-03-05,BOA,Google Play,com.boa.boaMobileBanking
AGA B Girja Miss language of admin Afaan oromo & other Itoophiyaa languages,1,2025-03-04,BOA,Google Play,com.boa.boaMobileBanking
Good app,5,2025-03-03,BOA,Google Play,com.boa.boaMobileBanking
"I downloaded the app for the first time while reading other customers reviews and as soon as i installed and opened the app it closes back automatically, what unserious bank, now i uninstalled the app immediately",1,2025-03-03,BOA,Google Play,com.boa.boaMobileBanking
It has good features but sometimes it doesn't work...0,1,2025-03-02,BOA,Google Play,com.boa.boaMobileBanking
Very poor proformance,1,2025-03-01,BOA,Google Play,com.boa.boaMobileBanking
It's not opening. Really frustrating,1,2025-03-01,BOA,Google Play,com.boa.boaMobileBanking
Verry Amazing App from all IB,5,2025-03-01,BOA,Google Play,com.boa.boaMobileBanking
Not working on this days,1,2025-02-26,BOA,Google Play,com.boa.boaMobileBanking
Thank you BoA,5,2025-02-23,BOA,Google Play,com.boa.boaMobileBanking
best banking app in the wworld,5,2025-02-22,BOA,Google Play,com.boa.boaMobileBanking
Nice app and it's easy to use,5,2025-02-21,BOA,Google Play,com.boa.boaMobileBanking
"please add language in the apps setting(amharic afan oromo, tigniya,and others) sometimes bank to bank transfer is not available through time and even if if it is available not reachable…it is serious issue!",1,2025-02-15,BOA,Google Play,com.boa.boaMobileBanking
This is help full i like ittttt,5,2025-02-14,BOA,Google Play,com.boa.boaMobileBanking
The is not functional at all?,2,2025-02-12,BOA,Google Play,com.boa.boaMobileBanking
Best bank,5,2025-02-08,BOA,Google Play,com.boa.boaMobileBanking
Make it easy and convienient to use and perfect for all to high prefrence and choice.,3,2025-02-07,BOA,Google Play,com.boa.boaMobileBanking
🇪🇹🇪🇹🇪🇹🇪🇹🇪🇹🇪🇹👍👍👍👍👍👍👍,5,2025-02-04,BOA,Google Play,com.boa.boaMobileBanking
I have been using this app for two years.It is amazing.,5,2025-01-31,BOA,Google Play,com.boa.boaMobileBanking
Good 👍,5,2025-01-31,BOA,Google Play,com.boa.boaMobileBanking
Sad experience,1,2025-01-30,BOA,Google Play,com.boa.boaMobileBanking
Always do update and that is annoying,3,2025-01-27,BOA,Google Play,com.boa.boaMobileBanking
"Best app, somehow waiting a few minutes",5,2025-01-23,BOA,Google Play,com.boa.boaMobileBanking
I can't dijitalize my atm in the apollo app on my phone,1,2025-01-22,BOA,Google Play,com.boa.boaMobileBanking
Whenever I try to sign in app close please fixed it out,2,2025-01-21,BOA,Google Play,com.boa.boaMobileBanking
Beter,5,2025-01-21,BOA,Google Play,com.boa.boaMobileBanking
Boa,4,2025-01-18,BOA,Google Play,com.boa.boaMobileBanking
በጣም የሚያስጠላ አፕ በጣም የወረደ ዜሮ ነው የምሰጠው ዘሮ It's not App it's very slow ehhhh. Why don't you upgrade the app???? It's always zero,1,2025-01-18,BOA,Google Play,com.boa.boaMobileBanking
Aadan Axmed Barkhadle,5,2025-01-17,BOA,Google Play,com.boa.boaMobileBanking
😡😡😡🤬🤬🤬,1,2025-01-16,BOA,Google Play,com.boa.boaMobileBanking
Horrible customer service and app crashes Horrible!!,1,2025-01-15,BOA,Google Play,com.boa.boaMobileBanking
I love it,5,2025-01-14,BOA,Google Play,com.boa.boaMobileBanking
It keeps asking me to turn off developer mode even when dev mode is off. Couldn't use it.,1,2025-01-13,BOA,Google Play,com.boa.boaMobileBanking
Good🙏,5,2025-01-11,BOA,Google Play,com.boa.boaMobileBanking
Like to much,5,2025-01-11,BOA,Google Play,com.boa.boaMobileBanking
Thank you,5,2025-01-10,BOA,Google Play,com.boa.boaMobileBanking
Perfect,5,2025-01-09,BOA,Google Play,com.boa.boaMobileBanking
The best of best,5,2025-01-09,BOA,Google Play,com.boa.boaMobileBanking
I was using this app for long time it amazing user friendly UI but the i can't found for get pin button in the app,3,2025-01-07,BOA,Google Play,com.boa.boaMobileBanking
Great 👍,5,2025-01-04,BOA,Google Play,com.boa.boaMobileBanking
Fast and suitable for the customers.,5,2025-01-04,BOA,Google Play,com.boa.boaMobileBanking
Good app and helpful,5,2025-01-03,BOA,Google Play,com.boa.boaMobileBanking
"I will give only one star, because it faced with multiple of problems. 1. The app is not as fast as the other banks App, for e.g like CBE 2. The App asks repeatedly to switch off developer options, even if it is switched off. 3. Bank of Abyssinia's services are interesting, but they ignored the issues on the App service. 4. Most customers gave a complain on the App, but no one accept their complain to fix the issue. 5. Lastly, I will not recommend the App unless the issue has been solved ASAP!!",1,2025-01-03,BOA,Google Play,com.boa.boaMobileBanking
By assessing this you can tell Abyssinia bank has no idea what mobile banking is ?,1,2025-01-02,BOA,Google Play,com.boa.boaMobileBanking
It doesn't work at all.,2,2025-01-02,BOA,Google Play,com.boa.boaMobileBanking
this app is not available,1,2025-01-02,BOA,Google Play,com.boa.boaMobileBanking
Wow what amazing,5,2024-12-30,BOA,Google Play,com.boa.boaMobileBanking
love it,5,2024-12-30,BOA,Google Play,com.boa.boaMobileBanking
በጣም መሻሻል አለበት....... ለ ባንኩ ማይመጥን መተግበርያ ነው ::,2,2024-12-30,BOA,Google Play,com.boa.boaMobileBanking
Lemn embi yilal??,5,2024-12-30,BOA,Google Play,com.boa.boaMobileBanking
It's useless app downgraded.,1,2024-12-29,BOA,Google Play,com.boa.boaMobileBanking
Why is not letting me access my account. The whole point of this app is for me to gey access to my account without physically being at the bank. I would give it a zero but a one will suffice to get my point accross.,1,2024-12-27,BOA,Google Play,com.boa.boaMobileBanking
Nice,5,2024-12-26,BOA,Google Play,com.boa.boaMobileBanking
When are you going to get rid of this and have a real app that works? By far the worst mobile banking app.,1,2024-12-24,BOA,Google Play,com.boa.boaMobileBanking
አይሰራም ሼም ነው፤,1,2024-12-23,BOA,Google Play,com.boa.boaMobileBanking
Not that much bad,3,2024-12-22,BOA,Google Play,com.boa.boaMobileBanking
Fine,5,2024-12-20,BOA,Google Play,com.boa.boaMobileBanking
The dirtiest application ever seen...,1,2024-12-20,BOA,Google Play,com.boa.boaMobileBanking
Nic ap,5,2024-12-19,BOA,Google Play,com.boa.boaMobileBanking
The forest app ever,1,2024-12-19,BOA,Google Play,com.boa.boaMobileBanking
"I love BoA more than anyone but they are cursed when it comed to mobile banking. Even though this ine is hetter it still s*cks! It will ask me to turn off developer options other wise it won't work! I use CBE, Awash birr, tekebirr, Dashen bank and others but non of them asked me this, why only BoA? Please improve your mobile banking, be competitive!",1,2024-12-19,BOA,Google Play,com.boa.boaMobileBanking
Bank of abissena,1,2024-12-17,BOA,Google Play,com.boa.boaMobileBanking
"Easy and sooo simple to use it, also its easy to stole someones money using the app",3,2024-12-16,BOA,Google Play,com.boa.boaMobileBanking
GOOD,5,2024-12-14,BOA,Google Play,com.boa.boaMobileBanking
The worst banking app ever. Never works!,1,2024-12-14,BOA,Google Play,com.boa.boaMobileBanking
Poorly functioning app,3,2024-12-13,BOA,Google Play,com.boa.boaMobileBanking
Very nice,5,2024-12-13,BOA,Google Play,com.boa.boaMobileBanking
Your system is the worst you should do better😡😡😡😡😡😡,2,2024-12-11,BOA,Google Play,com.boa.boaMobileBanking
It has been a while since you guys started giving the mobile app service but still couldn't get it to work. I'm sure you know that it doesn't work already but not sure if you're lazy or incompetent to fix it. You are losing business because of this. Complacency will have consequences.,1,2024-12-10,BOA,Google Play,com.boa.boaMobileBanking
"This is the best app; many features are awesome, but it should work without the need to turn off the developer options. I'm tired of having to constantly switch the developer options off and on. I've been expressing my struggles about this. I have precious settings enabled in the developer options, and to open the App Boa app, I have to turn them off. Please help us, Abyssinia Bank. I hope you can provide an update soon.",4,2024-12-08,BOA,Google Play,com.boa.boaMobileBanking
"I’m giving this app one star because there are no options below that. My experience has been incredibly frustrating due to the extremely long loading times, and the app even closes automatically at times. People choose mobile banking for its convenience, but this app is far too time-consuming, making it the worst I’ve used. I hope improvements are made to enhance the user experience.",1,2024-12-07,BOA,Google Play,com.boa.boaMobileBanking
Very unprofessional and mischievous bank in my opinion. I have had several occasions but recently I used Abyssinia Card to withdraw money and it was deducted from my account but despite reporting several times they said they are processing it but I learned yesterday that since it has been 3 months the bank has decided to include it in their income. How absurd. If you can avoid this bank.,1,2024-12-06,BOA,Google Play,com.boa.boaMobileBanking
It doesn't work on my 2 devices A05 and A34 😡,1,2024-12-02,BOA,Google Play,com.boa.boaMobileBanking
My attention is very important because it will be the most difficult time for me,5,2024-11-30,BOA,Google Play,com.boa.boaMobileBanking
"I have a worst experience while using this mobile application through out the year. Most of the time it fails to ""Login"" or automatically closed the app. And also it takes so much loading time (5 minutes +) trying to access the internal services. Sometimes also while transferring within and to other bank also fails. So, BOA please fix your app.",1,2024-11-29,BOA,Google Play,com.boa.boaMobileBanking
I don't know why but your apps start out great then all of a sudden don't work🤷‍♀️,1,2024-11-28,BOA,Google Play,com.boa.boaMobileBanking
This application is losing major factions on a daily basis. I can count how many times I have used this app; it is completely useless and disappointing if I am not going to use it in times of need then I don't see the point.,1,2024-11-28,BOA,Google Play,com.boa.boaMobileBanking
exellent digital transaction of money,5,2024-11-26,BOA,Google Play,com.boa.boaMobileBanking
The latest update has stopped android 9 phones not to open this App. Never work properly since i started using it.,1,2024-11-26,BOA,Google Play,com.boa.boaMobileBanking
👏👏👏,5,2024-11-24,BOA,Google Play,com.boa.boaMobileBanking
Money,5,2024-11-24,BOA,Google Play,com.boa.boaMobileBanking
It needs more improvment,2,2024-11-24,BOA,Google Play,com.boa.boaMobileBanking
ab,3,2024-11-20,BOA,Google Play,com.boa.boaMobileBanking
Ademtahir,5,2024-11-20,BOA,Google Play,com.boa.boaMobileBanking
✌️✌️,5,2024-11-20,BOA,Google Play,com.boa.boaMobileBanking
Please this app on my android phone,3,2024-11-20,BOA,Google Play,com.boa.boaMobileBanking
GOAT 🐐 🐐,5,2024-11-19,BOA,Google Play,com.boa.boaMobileBanking
"Your app doesn't match your bank, the app is disaster, super slow. Please learn something from tele birr app.",1,2024-11-19,BOA,Google Play,com.boa.boaMobileBanking
Fast and reliable,5,2024-11-18,BOA,Google Play,com.boa.boaMobileBanking
"The worst app update ever. Why would you include the ""developer option off"" thing here? Why do you care? It is my phone my money, right? That is the reason why I switched to other banks. So either turn it off or everyone will discontinue their business one by one.",1,2024-11-17,BOA,Google Play,com.boa.boaMobileBanking
Very good,5,2024-11-14,BOA,Google Play,com.boa.boaMobileBanking
One of the poorest mobile banking system,1,2024-11-13,BOA,Google Play,com.boa.boaMobileBanking
❤❤❤❤❤❤,5,2024-11-12,BOA,Google Play,com.boa.boaMobileBanking
Oene,5,2024-11-12,BOA,Google Play,com.boa.boaMobileBanking
i find it interesting specially in reciept downloading,1,2024-11-12,BOA,Google Play,com.boa.boaMobileBanking
it good,5,2024-11-12,BOA,Google Play,com.boa.boaMobileBanking
"This app crashes everytime, please fix it",1,2024-11-12,BOA,Google Play,com.boa.boaMobileBanking
አንድ star ራሱ ይበዛበታል። i dont recomend to use this app also the bank,1,2024-11-12,BOA,Google Play,com.boa.boaMobileBanking
I need a support the app is not working,5,2024-11-12,BOA,Google Play,com.boa.boaMobileBanking
Bast bank of ethiopia,5,2024-11-12,BOA,Google Play,com.boa.boaMobileBanking
very slow app. አቢሲኒያን ከሚያክል ባንክ የማይጠበቅ software app. ከቻላችሁ ሙሉ ለሙሉ እንደገና አሰሩት።በጣም ይመራያል ያሳፍራል።ለapp የወጣው ወጭ በሙስና የተበላ ነው የሚመስለው።,1,2024-11-12,BOA,Google Play,com.boa.boaMobileBanking
"thank you for your social services like, vertual banking, non touch ATM, Cadrless and withdrwal with out passbook...",5,2024-11-12,BOA,Google Play,com.boa.boaMobileBanking
The worst App i have never seen like this before,1,2024-11-12,BOA,Google Play,com.boa.boaMobileBanking
Wweeeer,4,2024-11-12,BOA,Google Play,com.boa.boaMobileBanking
Infinx,5,2024-11-12,BOA,Google Play,com.boa.boaMobileBanking
Great service,5,2024-11-12,BOA,Google Play,com.boa.boaMobileBanking
This app is not available on all android versions and some times it is not functional.,1,2024-11-08,BOA,Google Play,com.boa.boaMobileBanking
senayt Mesfin,4,2024-11-08,BOA,Google Play,com.boa.boaMobileBanking
Bad app vety bad.,1,2024-11-07,BOA,Google Play,com.boa.boaMobileBanking
Abessnya Banke,5,2024-11-05,BOA,Google Play,com.boa.boaMobileBanking
"The most useless app, I never expected such an irrelevant app from BOA. big shame!",1,2024-11-04,BOA,Google Play,com.boa.boaMobileBanking
Professional on banking app,5,2024-11-01,BOA,Google Play,com.boa.boaMobileBanking
Has some nice interface but always freezes or slow to load .App developers please fix this issue.,3,2024-10-27,BOA,Google Play,com.boa.boaMobileBanking
አይሰራም አስተካክሉት,5,2024-10-26,BOA,Google Play,com.boa.boaMobileBanking
Please try another because this app doesn't feet the need of this generation,1,2024-10-25,BOA,Google Play,com.boa.boaMobileBanking
Fast transfer,5,2024-10-24,BOA,Google Play,com.boa.boaMobileBanking
"What's up I can't log in, what's wrong",5,2024-10-22,BOA,Google Play,com.boa.boaMobileBanking
Amrumehamed,1,2024-10-21,BOA,Google Play,com.boa.boaMobileBanking
"Nice to meet you my proud bank in Ethiopia.. I'm a member of this bank, i need to solve my problem of international receiving money for me from my online digital working service's over the world please? I'm working a lot of international money.But i can't get direct in Ethiopia because of don't knowing the legal ways of getting money in Ethiopia please can I get and direct deposit with BoA please 🙏🙏🙏?",5,2024-10-18,BOA,Google Play,com.boa.boaMobileBanking
ደደገነሐ,5,2024-10-15,BOA,Google Play,com.boa.boaMobileBanking
"Terrible Bank Experience It’s unbelievable that with all the modern technology, this bank still struggles with even basic transactions. The app constantly crashes, services are limited, and every time I try to transfer money or load Telebirr, there’s a huge delay. I have to wait 5 days for failed transactions to be refunded! Even USSD is unreliable. They’ve put me in embarrassing situations countless times, and customer care never fixes anything. I’ve switched banks, and you should too!",1,2024-10-14,BOA,Google Play,com.boa.boaMobileBanking
A painfully slow banking app service. Please don't make it your choice!,1,2024-10-13,BOA,Google Play,com.boa.boaMobileBanking
Good App,4,2024-10-12,BOA,Google Play,com.boa.boaMobileBanking
Best app to me,5,2024-10-11,BOA,Google Play,com.boa.boaMobileBanking
BOA,5,2024-10-11,BOA,Google Play,com.boa.boaMobileBanking
Abdulkadir,5,2024-10-11,BOA,Google Play,com.boa.boaMobileBanking
Bad,1,2024-10-10,BOA,Google Play,com.boa.boaMobileBanking
If it is possible I would gove0 star,1,2024-10-08,BOA,Google Play,com.boa.boaMobileBanking
Nise mobile bankig,4,2024-10-05,BOA,Google Play,com.boa.boaMobileBanking
Overall good app but performance needs some improvement also sometimes when using instant other bank transfers it refuses causing to be repeated several times to transfer,4,2024-10-04,BOA,Google Play,com.boa.boaMobileBanking
Ok,5,2024-10-04,BOA,Google Play,com.boa.boaMobileBanking
Just make it work please🤣 this is embarrassing for a bank of your size,1,2024-10-04,BOA,Google Play,com.boa.boaMobileBanking
Update to the simplest way it requires the developer option on and off why this is,5,2024-10-04,BOA,Google Play,com.boa.boaMobileBanking
"Stop telling me what to do with my phone, BOA. Why does your newly updated app keep asking me to disable the developer options? I’m not slowing down my phone just to use your God damn app. 🤮🤮🤮🤮",1,2024-10-04,BOA,Google Play,com.boa.boaMobileBanking
I'm living out of country how may I download and use mobile banking? It asks me the Ethiopia phone number and I can't receive text to confirm because I'm out side the country. So please lete know if I can use while I'm outside the country. Thanks,1,2024-10-04,BOA,Google Play,com.boa.boaMobileBanking
Worest app,1,2024-10-03,BOA,Google Play,com.boa.boaMobileBanking
The worest app ever,1,2024-10-03,BOA,Google Play,com.boa.boaMobileBanking
አሪፍ ነው በርቱልን,5,2024-10-02,BOA,Google Play,com.boa.boaMobileBanking
CBE ይለያል።,5,2025-11-29,CBE,Google Play,com.combanketh.mobilebanking
it's special for me,5,2025-11-29,CBE,Google Play,com.combanketh.mobilebanking
Make it user friendly.,2,2025-11-29,CBE,Google Play,com.combanketh.mobilebanking
maaliif daddafee install gaafata,3,2025-11-28,CBE,Google Play,com.combanketh.mobilebanking
good app,5,2025-11-28,CBE,Google Play,com.combanketh.mobilebanking
This application is very important and advantage for transfer of money and finance in the coutry and foriegn country.,5,2025-11-27,CBE,Google Play,com.combanketh.mobilebanking
why didn't work this app?,1,2025-11-27,CBE,Google Play,com.combanketh.mobilebanking
The app makes our life easier. Thank you CBE!,5,2025-11-27,CBE,Google Play,com.combanketh.mobilebanking
this app very bad 👎,1,2025-11-27,CBE,Google Play,com.combanketh.mobilebanking
the most advanced app. but how to stay safe?,5,2025-11-27,CBE,Google Play,com.combanketh.mobilebanking
Good application,4,2025-11-27,CBE,Google Play,com.combanketh.mobilebanking
It is nice app,5,2025-11-26,CBE,Google Play,com.combanketh.mobilebanking
best,5,2025-11-25,CBE,Google Play,com.combanketh.mobilebanking
"it suddenly asked me to enter the verification key I received. and it (*get your verification key from the nearest CBE Branch*) Now I'm in Australia, what do you expect me to do???! There is no nearest or furthermost cbe Branch!! SO FRUSTRATING! How can I manage my bank account now????",1,2025-11-25,CBE,Google Play,com.combanketh.mobilebanking
nice app...,5,2025-11-25,CBE,Google Play,com.combanketh.mobilebanking
very good banking service and fast service,5,2025-11-24,CBE,Google Play,com.combanketh.mobilebanking
thanks blc this app help me to use all time,5,2025-11-24,CBE,Google Play,com.combanketh.mobilebanking
good,5,2025-11-24,CBE,Google Play,com.combanketh.mobilebanking
why we can't send money to other people telebirr wallets??,1,2025-11-24,CBE,Google Play,com.combanketh.mobilebanking
አታፍሩም ግን ለ15 birr 11.50 ብር ስትቆርጡ ይስተካከልልን,1,2025-11-23,CBE,Google Play,com.combanketh.mobilebanking
በጣም ቀላልና ምቹ ነው።,5,2025-11-23,CBE,Google Play,com.combanketh.mobilebanking
wow,5,2025-11-23,CBE,Google Play,com.combanketh.mobilebanking
nice,5,2025-11-22,CBE,Google Play,com.combanketh.mobilebanking
you are the reason why i got ye chogara himem,1,2025-11-22,CBE,Google Play,com.combanketh.mobilebanking
it is so smart app i recommend it for everyone,5,2025-11-22,CBE,Google Play,com.combanketh.mobilebanking
excellent,5,2025-11-22,CBE,Google Play,com.combanketh.mobilebanking
ዳጊ,5,2025-11-21,CBE,Google Play,com.combanketh.mobilebanking
absolutely right,5,2025-11-21,CBE,Google Play,com.combanketh.mobilebanking
mid application it's so annoying,3,2025-11-20,CBE,Google Play,com.combanketh.mobilebanking
I used morethan one year,4,2025-11-20,CBE,Google Play,com.combanketh.mobilebanking
no word can explane about this app it is nice 👍👍👍👍👍,5,2025-11-20,CBE,Google Play,com.combanketh.mobilebanking
"It's great app,I love this app",5,2025-11-20,CBE,Google Play,com.combanketh.mobilebanking
Nice,5,2025-11-19,CBE,Google Play,com.combanketh.mobilebanking
suckkkks,1,2025-11-19,CBE,Google Play,com.combanketh.mobilebanking
not allowing to transfer and showing current statement updates.,1,2025-11-19,CBE,Google Play,com.combanketh.mobilebanking
I love you this app,5,2025-11-19,CBE,Google Play,com.combanketh.mobilebanking
"fast and convenient app, thanks for your dedication as a bank to provide good options to your cuatomers.",1,2025-11-19,CBE,Google Play,com.combanketh.mobilebanking
make life easy,5,2025-11-19,CBE,Google Play,com.combanketh.mobilebanking
securr,5,2025-11-19,CBE,Google Play,com.combanketh.mobilebanking
My most optional bank,5,2025-11-17,CBE,Google Play,com.combanketh.mobilebanking
5 star,5,2025-11-16,CBE,Google Play,com.combanketh.mobilebanking
it is fantastic app.,5,2025-11-16,CBE,Google Play,com.combanketh.mobilebanking
sifen,5,2025-11-16,CBE,Google Play,com.combanketh.mobilebanking
i like this√,4,2025-11-16,CBE,Google Play,com.combanketh.mobilebanking
Ok,3,2025-11-16,CBE,Google Play,com.combanketh.mobilebanking
ጥሩ App ነዉ ። የኔ የግል አስተያየት- Update ወይንም cache cleaning app ሲደረግ ለምንድነዉ ደግመን login ስናደርግ Restricted ሚያደርገዉ ቢስተካከል እንደ ሀሳብ ጥሩ ነዉ። በዛላይ ድጋሚ አክቲቬት ለማስደረግ ከፍለን ..,5,2025-11-15,CBE,Google Play,com.combanketh.mobilebanking
"Seriously, what’s going on with this app? The ""Pay to Beneficiary"" option is completely disabled for Android users, yet iOS users get full access without restrictions. Why are Android users being treated like second class customers? It’s the same app, the same service, but clearly not the same experience. This kind of platform bias is unacceptable, either give everyone the same features or be transparent about why you’re limiting functionality. Right now, it just feels unfair and frustrating.",1,2025-11-15,CBE,Google Play,com.combanketh.mobilebanking
Like,5,2025-11-13,CBE,Google Play,com.combanketh.mobilebanking
Nice and very useful app i like it!,5,2025-11-13,CBE,Google Play,com.combanketh.mobilebanking
Good,5,2025-11-13,CBE,Google Play,com.combanketh.mobilebanking
smart app,4,2025-11-12,CBE,Google Play,com.combanketh.mobilebanking
good App,5,2025-11-12,CBE,Google Play,com.combanketh.mobilebanking
sync problem may 22 2025 but the date stack on may 8 2025 help pls,5,2025-11-12,CBE,Google Play,com.combanketh.mobilebanking
ok,5,2025-11-11,CBE,Google Play,com.combanketh.mobilebanking
cbe is my choice,4,2025-11-11,CBE,Google Play,com.combanketh.mobilebanking
Awesome,5,2025-11-11,CBE,Google Play,com.combanketh.mobilebanking
I am not able to transfer. The app is not responding,1,2025-11-11,CBE,Google Play,com.combanketh.mobilebanking
Very convenient App,5,2025-11-11,CBE,Google Play,com.combanketh.mobilebanking
excellent but sometimes can not connect,5,2025-11-10,CBE,Google Play,com.combanketh.mobilebanking
wow apk,5,2025-11-10,CBE,Google Play,com.combanketh.mobilebanking
best 100 %,5,2025-11-10,CBE,Google Play,com.combanketh.mobilebanking
bad app,1,2025-11-10,CBE,Google Play,com.combanketh.mobilebanking
best app,5,2025-11-10,CBE,Google Play,com.combanketh.mobilebanking
nice app,5,2025-11-10,CBE,Google Play,com.combanketh.mobilebanking
the app constantly glitches and won't stop loading despite having a decent connection and a cleared cache. telebirr is way better,1,2025-11-10,CBE,Google Play,com.combanketh.mobilebanking
I can't access it properly I think it needs update,1,2025-11-10,CBE,Google Play,com.combanketh.mobilebanking
👌👌,5,2025-11-10,CBE,Google Play,com.combanketh.mobilebanking
best 👌,5,2025-11-10,CBE,Google Play,com.combanketh.mobilebanking
not Refresh,2,2025-11-10,CBE,Google Play,com.combanketh.mobilebanking
your statement is not used as wanted,1,2025-11-10,CBE,Google Play,com.combanketh.mobilebanking
good very good,5,2025-11-09,CBE,Google Play,com.combanketh.mobilebanking
this is absolute trash why because it's not Woking most time the servers are down even though I'm using 4g data Internet they steal not working they use to work with out even data package now it's trash can't even send money,1,2025-11-09,CBE,Google Play,com.combanketh.mobilebanking
Bayeee galatooma kana caalati nu gammachisa 🌏🤌🏻💴💸🥰👌🏻🙏🏻,5,2025-11-08,CBE,Google Play,com.combanketh.mobilebanking
Good !,5,2025-11-08,CBE,Google Play,com.combanketh.mobilebanking
i like it,5,2025-11-08,CBE,Google Play,com.combanketh.mobilebanking
Very nice app,5,2025-11-08,CBE,Google Play,com.combanketh.mobilebanking
the app is not functional this week.,4,2025-11-08,CBE,Google Play,com.combanketh.mobilebanking
very updated bank,5,2025-11-05,CBE,Google Play,com.combanketh.mobilebanking
tankyu,5,2025-11-05,CBE,Google Play,com.combanketh.mobilebanking
Numbers 2 and 3 don't write during pin verification.,5,2025-11-05,CBE,Google Play,com.combanketh.mobilebanking
"once it is uninstalled, you need to visit a nearby bank. you go there and they ask you to have a new sim card which hasn't been used before. so you should buy a new sim card and you go back to them with a new sim card, when you reach there service provider says authentication pin is not arrive, the system is not working come back tomorrow.",1,2025-11-05,CBE,Google Play,com.combanketh.mobilebanking
loved it,5,2025-11-05,CBE,Google Play,com.combanketh.mobilebanking
this app is not working on my phone,5,2025-11-03,CBE,Google Play,com.combanketh.mobilebanking
CBE needs to show transaction fees before the transaction is confirmed and not after. This is a big issue as fees are no longer insignificant.,3,2025-11-03,CBE,Google Play,com.combanketh.mobilebanking
"After the recent updates, I am unable to download a receipt. I can't see the names of account holders I've previously transacted with. Very important. Please fix it asap.",1,2025-11-03,CBE,Google Play,com.combanketh.mobilebanking
wow 😘😘😘,4,2025-11-02,CBE,Google Play,com.combanketh.mobilebanking
mobile banking broblem,5,2025-11-01,CBE,Google Play,com.combanketh.mobilebanking
good job,5,2025-11-01,CBE,Google Play,com.combanketh.mobilebanking
it is a good and clear apps to use,4,2025-10-31,CBE,Google Play,com.combanketh.mobilebanking
ለምንድን ነው ከንግድ ባንክ ወደ ቴሌብር 5 ብር ሲተላለፍ 11 ብር እንዲቆርጥ ያደረጋችሁት,1,2025-10-31,CBE,Google Play,com.combanketh.mobilebanking
I love this app b/c every option in the app very clear and supportive.,5,2025-10-30,CBE,Google Play,com.combanketh.mobilebanking
niiceh,5,2025-10-29,CBE,Google Play,com.combanketh.mobilebanking
the app is good but their is no dark mode you have to add it,3,2025-10-29,CBE,Google Play,com.combanketh.mobilebanking
🤮,1,2025-10-29,CBE,Google Play,com.combanketh.mobilebanking
abdulakim abrahim elemoo,5,2025-10-28,CBE,Google Play,com.combanketh.mobilebanking
strong,5,2025-10-28,CBE,Google Play,com.combanketh.mobilebanking
Abebaw Zenebe,5,2025-10-28,CBE,Google Play,com.combanketh.mobilebanking
good I love it keep it up but if we had a new update that will be fire Soo good,5,2025-10-27,CBE,Google Play,com.combanketh.mobilebanking
Cbe,5,2025-10-27,CBE,Google Play,com.combanketh.mobilebanking
Active and granted system,5,2025-10-27,CBE,Google Play,com.combanketh.mobilebanking
fast app,4,2025-10-26,CBE,Google Play,com.combanketh.mobilebanking
cool 😎,5,2025-10-26,CBE,Google Play,com.combanketh.mobilebanking
Galaxy A10s,3,2025-10-26,CBE,Google Play,com.combanketh.mobilebanking
the best apps,5,2025-10-26,CBE,Google Play,com.combanketh.mobilebanking
arif app new,5,2025-10-26,CBE,Google Play,com.combanketh.mobilebanking
laga Bari biranch,5,2025-10-26,CBE,Google Play,com.combanketh.mobilebanking
ነነሠነሠሠነሠሠሠሠነየነ,5,2025-10-26,CBE,Google Play,com.combanketh.mobilebanking
I would like to suggest you improve the time out as it takes the money and doesn't return it back until the next day.,3,2025-10-25,CBE,Google Play,com.combanketh.mobilebanking
Attractive,5,2025-10-25,CBE,Google Play,com.combanketh.mobilebanking
mite,5,2025-10-24,CBE,Google Play,com.combanketh.mobilebanking
useful,5,2025-10-24,CBE,Google Play,com.combanketh.mobilebanking
"not good, not bad!",3,2025-10-23,CBE,Google Play,com.combanketh.mobilebanking
very good,5,2025-10-23,CBE,Google Play,com.combanketh.mobilebanking
እጅግ በጣም አስቀያሚ ጠቁአም ዘረፋ በሚባል ደርጃ የ አገልግሎት የሚቀበል ያልሰራበትን የገዛ ገንዝበባችንን ተዘረፍን ከ 100ብር 10ብር የአገልግሎት ማስከፈል ምን ማለት ነው እባካችሁ እዩት እስትይ ከ ሞባይል ባንክ ወደ ampsa አስተላልፉና እዩት በጣም ይገርማል ሌባ ብያቸዋልሁ,1,2025-10-22,CBE,Google Play,com.combanketh.mobilebanking
imp,5,2025-10-22,CBE,Google Play,com.combanketh.mobilebanking
super fast app,5,2025-10-21,CBE,Google Play,com.combanketh.mobilebanking
"The app has a nice design and useful features like balance check and transfers, but it’s unstable and often fails to connect. It also forces users to turn off Developer Options, which is unnecessary — other banking apps work fine without that. Many people use Developer Mode for normal reasons. Please fix performance issues, remove this restriction, and add biometric login for better security and convenience",2,2025-10-19,CBE,Google Play,com.combanketh.mobilebanking
cbe,4,2025-10-18,CBE,Google Play,com.combanketh.mobilebanking
"it says ""ti is work any more in your device"" what can i do??",1,2025-10-18,CBE,Google Play,com.combanketh.mobilebanking
blah blah blah,5,2025-10-18,CBE,Google Play,com.combanketh.mobilebanking
bad ግዴታ መሆንሁ,1,2025-10-17,CBE,Google Play,com.combanketh.mobilebanking
CBE no.1,5,2025-10-17,CBE,Google Play,com.combanketh.mobilebanking
"it's not work correctly when it's needed sometimes, but it works sometimes though",2,2025-10-16,CBE,Google Play,com.combanketh.mobilebanking
its easy to use and more secured than the previous one. i love it and appreciate commercial bank of ethiopia for every time update.,5,2025-10-16,CBE,Google Play,com.combanketh.mobilebanking
gooof,5,2025-10-16,CBE,Google Play,com.combanketh.mobilebanking
"Suddenly the cbe application I was using stopped working and called callcenter, I was told it's because it expired and I should vist any branch to fix it. So I went to CBE Silassie branch.After filling a form they gave me, I sat down and waited until they finish fixing 2 customer's case who arrived before me. But then when it was my turn ppl who came after me with same mobile banking and even Atm card cases were finishing up and leaving I had to get back to my work so I left.with no service.why?",1,2025-10-16,CBE,Google Play,com.combanketh.mobilebanking
Best app,5,2025-10-15,CBE,Google Play,com.combanketh.mobilebanking
still not perfect like before,1,2025-10-15,CBE,Google Play,com.combanketh.mobilebanking
This app dash board is disturbing me. it is not showing me traxation and my balance while displaying others option on dashboard. I think it is a risk full app😭😭😭🤤🤤,1,2025-10-15,CBE,Google Play,com.combanketh.mobilebanking
APPLIED,1,2025-10-14,CBE,Google Play,com.combanketh.mobilebanking
10 years ago,4,2025-10-14,CBE,Google Play,com.combanketh.mobilebanking
Asefa Obsa,5,2025-10-14,CBE,Google Play,com.combanketh.mobilebanking
it's good app,5,2025-10-14,CBE,Google Play,com.combanketh.mobilebanking
very slow,1,2025-10-14,CBE,Google Play,com.combanketh.mobilebanking
berhan deriba wami,4,2025-10-14,CBE,Google Play,com.combanketh.mobilebanking
mahamad Usman,5,2025-10-13,CBE,Google Play,com.combanketh.mobilebanking
Erako,5,2025-10-13,CBE,Google Play,com.combanketh.mobilebanking
🔥🔥🔥🔥🔥,5,2025-10-13,CBE,Google Play,com.combanketh.mobilebanking
opne,5,2025-10-13,CBE,Google Play,com.combanketh.mobilebanking
mehommd nuri,5,2025-10-13,CBE,Google Play,com.combanketh.mobilebanking
Best,5,2025-10-12,CBE,Google Play,com.combanketh.mobilebanking
providing very secure service.,5,2025-10-12,CBE,Google Play,com.combanketh.mobilebanking
apk አሪፍ ነው ግን በጣም apkwun የሚከፍቱ የ ባንክ ሰራተኞች በጣም ደካማ ናቸው ሲያስተናግዱ ለ ደንበኛ ክብር የላቸውም እኔ መመላለስ ከጀመርኩ ቆየው ግን መፍትህ ላገኝ አልችልኩም ::,1,2025-10-12,CBE,Google Play,com.combanketh.mobilebanking
ዳር ኑሮ ላለው ኣፍሪቻን ው,5,2025-10-12,CBE,Google Play,com.combanketh.mobilebanking
RIYAD Mohammed Abaoli 92 527 2567,5,2025-10-12,CBE,Google Play,com.combanketh.mobilebanking
it doesn't show bank statement and no options to see transactions for the past months.,2,2025-10-11,CBE,Google Play,com.combanketh.mobilebanking
Mamma Husen,2,2025-10-11,CBE,Google Play,com.combanketh.mobilebanking
3 stars because I can't see all my transaction history apart from the recents and a refresh button has been removed from the Recents activity. The app should allow clients to view all of the transactions not just recents.,3,2025-10-11,CBE,Google Play,com.combanketh.mobilebanking
exceptional application from others bank,5,2025-10-10,CBE,Google Play,com.combanketh.mobilebanking
"it is very nice. but i have a serious suggestion when you send to other cbe birr customer, it does not show the name of the recipient befor it actually send the money. please improve this",4,2025-10-10,CBE,Google Play,com.combanketh.mobilebanking
good👍👍👍😊😊😊,5,2025-10-10,CBE,Google Play,com.combanketh.mobilebanking
really good app,5,2025-10-10,CBE,Google Play,com.combanketh.mobilebanking
smart bank CBE,5,2025-10-10,CBE,Google Play,com.combanketh.mobilebanking
Ali urgesa11,3,2025-10-09,CBE,Google Play,com.combanketh.mobilebanking
it's good,5,2025-10-09,CBE,Google Play,com.combanketh.mobilebanking
Good apps,5,2025-10-09,CBE,Google Play,com.combanketh.mobilebanking
password በጣት አሻራ ቢኖረው መልካም ነበር,4,2025-10-09,CBE,Google Play,com.combanketh.mobilebanking
best app i ever seen,5,2025-10-09,CBE,Google Play,com.combanketh.mobilebanking
it's game changing in financial system,4,2025-10-09,CBE,Google Play,com.combanketh.mobilebanking
"z,MKT 20_._!8+⅓⅕😘r",1,2025-10-09,CBE,Google Play,com.combanketh.mobilebanking
will good updating,5,2025-10-08,CBE,Google Play,com.combanketh.mobilebanking
"service charge , vat, fee everything here is not yours they wanna take what you have, everything is not fair",1,2025-10-08,CBE,Google Play,com.combanketh.mobilebanking
why removing screenshot feature why?,2,2025-10-08,CBE,Google Play,com.combanketh.mobilebanking
very good application! thank you all who participate!,5,2025-10-08,CBE,Google Play,com.combanketh.mobilebanking
application bank commercial Ethiopia I am very happy to be able to appear in a great job on a pleasant job,5,2025-10-08,CBE,Google Play,com.combanketh.mobilebanking
user compatible app!,5,2025-10-08,CBE,Google Play,com.combanketh.mobilebanking
"I am trying to access this app on my Android phone, but sometimes doesn't work. so kindly try to improve it.",3,2025-10-07,CBE,Google Play,com.combanketh.mobilebanking
what an amazing app. you know how much it simplify life. Thanks cbe. I proud of you.,5,2025-10-07,CBE,Google Play,com.combanketh.mobilebanking
Our Commercial Bank of Ethiopia is Good !,5,2025-10-06,CBE,Google Play,com.combanketh.mobilebanking
Asledin Ibsa,5,2025-10-06,CBE,Google Play,com.combanketh.mobilebanking
terrible when showing history of transaction it shows in disorganised way,3,2025-10-05,CBE,Google Play,com.combanketh.mobilebanking
my bank,5,2025-10-05,CBE,Google Play,com.combanketh.mobilebanking
Data,5,2025-10-04,CBE,Google Play,com.combanketh.mobilebanking
"lately I am facing a problem with the app ,and the problem is when log in and inter my pin it doesn't work at all and says 'can't sync' why does it say that I was working fine a few day ago and also it says when I enter my pin 'change your pin to 6 digit pin and it doesn't allow me to change it please solve what is the problem with the app ?",2,2025-10-04,CBE,Google Play,com.combanketh.mobilebanking
excellent app with lots of features,5,2025-10-04,CBE,Google Play,com.combanketh.mobilebanking
very good 👍 mobile banking,5,2025-10-04,CBE,Google Play,com.combanketh.mobilebanking
so special,5,2025-10-04,CBE,Google Play,com.combanketh.mobilebanking
wiiy ewdihiliw esimirt niho yitnehew metgeyot ❤💞🤔😴🤩😍,1,2025-10-03,CBE,Google Play,com.combanketh.mobilebanking
woow cbe,5,2025-10-03,CBE,Google Play,com.combanketh.mobilebanking
cbe the best bank app,4,2025-10-03,CBE,Google Play,com.combanketh.mobilebanking
This App CBE bank it's Simple and Smart I Like it.,5,2025-10-03,CBE,Google Play,com.combanketh.mobilebanking
Rijalufaris,5,2025-10-02,CBE,Google Play,com.combanketh.mobilebanking
its Best app But i hate the Repeatedly update request,5,2025-10-02,CBE,Google Play,com.combanketh.mobilebanking
imoo,3,2025-10-02,CBE,Google Play,com.combanketh.mobilebanking
"it was good since it become a robber the vat ,tax,service charge,unbelievable charge to send to other bank, monthly charge,etc i hope one international bank comes and we all leave this bank. enough is enough",1,2025-10-02,CBE,Google Play,com.combanketh.mobilebanking
screen shoot always not allowed why?,5,2025-10-02,CBE,Google Play,com.combanketh.mobilebanking
enkorabetalen,5,2025-10-01,CBE,Google Play,com.combanketh.mobilebanking
Gamada mahamadi,1,2025-09-30,CBE,Google Play,com.combanketh.mobilebanking
it is very good banking web but its network is sometimes busy i hope they willfix the problem,4,2025-09-30,CBE,Google Play,com.combanketh.mobilebanking
verfcasencod,5,2025-09-30,CBE,Google Play,com.combanketh.mobilebanking
you can't get your own transaction history,1,2025-09-29,CBE,Google Play,com.combanketh.mobilebanking
sintu,5,2025-09-29,CBE,Google Play,com.combanketh.mobilebanking
BEST,5,2025-09-28,CBE,Google Play,com.combanketh.mobilebanking
Bank of Ethiopia,5,2025-09-28,CBE,Google Play,com.combanketh.mobilebanking
"All most Good, but need improvement",5,2025-09-27,CBE,Google Play,com.combanketh.mobilebanking
"Great application for me,So I would like to rate with Solid 5 star.That It works well overall. So hello everyone enjoy the apps",5,2025-09-27,CBE,Google Play,com.combanketh.mobilebanking
poor app all of you guys delete CBE and download BOA,1,2025-09-27,CBE,Google Play,com.combanketh.mobilebanking
niceapp,5,2025-09-27,CBE,Google Play,com.combanketh.mobilebanking
the best app of all,5,2025-09-25,CBE,Google Play,com.combanketh.mobilebanking
❤️,5,2025-09-25,CBE,Google Play,com.combanketh.mobilebanking
"Most of the time when I try to open the app, it does not load. The circle keeps spinning as if it is trying to open, and get a message saying "" 2 attempts left for offline login"". This seems to mean that the app cannot connect to the internet, even though I have a stable internet connection, and all other stuff work properly.",2,2025-09-24,CBE,Google Play,com.combanketh.mobilebanking
Juhaar,5,2025-09-24,CBE,Google Play,com.combanketh.mobilebanking
I am using CBE app very fantastic.,5,2025-09-24,CBE,Google Play,com.combanketh.mobilebanking
bist app tankyou,4,2025-09-23,CBE,Google Play,com.combanketh.mobilebanking
this is very useful and consistent app,5,2025-09-23,CBE,Google Play,com.combanketh.mobilebanking
"this application provides timely service in a good, fast and reliable manner.",5,2025-09-23,CBE,Google Play,com.combanketh.mobilebanking
So good,5,2025-09-23,CBE,Google Play,com.combanketh.mobilebanking
it will be more better if the app have the feature receipt verifying from QR CODE SCREENSHOT IMAGES FROM gallery ... currently IT WORKS ONLY FROM DIRECT CAMERA CAPTURING,4,2025-09-23,CBE,Google Play,com.combanketh.mobilebanking
"From the UX perspective it can be better, it's old and it's not obvious where you can find some things",3,2025-09-22,CBE,Google Play,com.combanketh.mobilebanking
It is amazing app but it is more better if it is possible to transfer from account to other telebirr,5,2025-09-22,CBE,Google Play,com.combanketh.mobilebanking
"The app was great while it was active. However, after the app did an update, I lost connection with a message ""Network Error"". Please try to fix it as there are many clients of CBE using this app globally from abroad countries.",3,2025-09-21,CBE,Google Play,com.combanketh.mobilebanking
very important app,4,2025-09-21,CBE,Google Play,com.combanketh.mobilebanking
the best of all mobile banking in Ethiopia works perfectly fine,5,2025-09-21,CBE,Google Play,com.combanketh.mobilebanking
DANTRO BAND!!!,5,2025-09-21,CBE,Google Play,com.combanketh.mobilebanking
some time when make transfer from Mobile account to other cbebirr wallet no show customer name so please check it......thanks my cbe.. cbebirr application very nice application wallet,5,2025-09-20,CBE,Google Play,com.combanketh.mobilebanking
this app is very useful but sometimes when you want to see specific transactions it didn't work so that way i gave 3,3,2025-09-20,CBE,Google Play,com.combanketh.mobilebanking
why i must visit the branch i opened my account to activate the mobile banking services? if it a connected network it maybe done from any branch.,1,2025-09-20,CBE,Google Play,com.combanketh.mobilebanking
አሪፍ ነው አሁን ደግሞ እስክሪን ሹት ማረግ በመቻሌ ደግብሎኛል,5,2025-09-20,CBE,Google Play,com.combanketh.mobilebanking
asfaw damse,5,2025-09-19,CBE,Google Play,com.combanketh.mobilebanking
jabadhaa namatii tolataan,5,2025-09-19,CBE,Google Play,com.combanketh.mobilebanking
"The App is very good in its interface and user friendly. But it could be a pro app had it had additional feature that let us run multiple accounts on a single phone with an option of ""additional"" account!",3,2025-09-19,CBE,Google Play,com.combanketh.mobilebanking
The app is user friendly. But i want some amendment or include option of sending money to other tele birr like other cbe birr.,4,2025-09-18,CBE,Google Play,com.combanketh.mobilebanking
Truly amazing!,5,2025-09-18,CBE,Google Play,com.combanketh.mobilebanking
Doesn't have option to generate statement for transactions,3,2025-09-18,CBE,Google Play,com.combanketh.mobilebanking
😎,5,2025-09-17,CBE,Google Play,com.combanketh.mobilebanking
JanaleBl,5,2025-09-17,CBE,Google Play,com.combanketh.mobilebanking
nice application,5,2025-09-17,CBE,Google Play,com.combanketh.mobilebanking
WaaaaaaaW,1,2025-09-17,CBE,Google Play,com.combanketh.mobilebanking
very nice,5,2025-09-16,CBE,Google Play,com.combanketh.mobilebanking
Of,5,2025-09-16,CBE,Google Play,com.combanketh.mobilebanking
it's best app to use recently and upgraded day to day for internationalization,4,2025-09-16,CBE,Google Play,com.combanketh.mobilebanking
Easy to use and not Complicated 👍,5,2025-09-15,CBE,Google Play,com.combanketh.mobilebanking
apdat the app,5,2025-09-14,CBE,Google Play,com.combanketh.mobilebanking
good in bankin at any time & any where.,5,2025-09-13,CBE,Google Play,com.combanketh.mobilebanking
great,5,2025-09-13,CBE,Google Play,com.combanketh.mobilebanking
"WHAT A USELESS APP! Transfers, wallet payments, other banks — nothing works. Updated, restarted, cleared cache, reinstalled — still useless. Crashed and forced me to visit a branch just to log in 3 times. One of the biggest banks in the country can’t fix issues a junior developer could solve. Completely unreliable. Big bank , Zero functionality!",1,2025-09-13,CBE,Google Play,com.combanketh.mobilebanking
it is best to me,1,2025-09-13,CBE,Google Play,com.combanketh.mobilebanking
hayizgi mebrahtom feshay,5,2025-09-13,CBE,Google Play,com.combanketh.mobilebanking
Excellent app,5,2025-09-12,CBE,Google Play,com.combanketh.mobilebanking
after apdate the app doesn't work any thing else it said enable to connects,1,2025-09-12,CBE,Google Play,com.combanketh.mobilebanking
love,5,2025-09-12,CBE,Google Play,com.combanketh.mobilebanking
Hasasa bank,1,2025-09-11,CBE,Google Play,com.combanketh.mobilebanking
All ways Trusted.,5,2025-09-11,CBE,Google Play,com.combanketh.mobilebanking
best MB application in Ethiopia financial sector.,5,2025-09-11,CBE,Google Play,com.combanketh.mobilebanking
I like this app,5,2025-09-11,CBE,Google Play,com.combanketh.mobilebanking
am tired why I have to update every 5 day,1,2025-09-11,CBE,Google Play,com.combanketh.mobilebanking
usb debugig mode bicha off endidereg axrigu like awash bank,1,2025-09-10,CBE,Google Play,com.combanketh.mobilebanking
good morning 🙏,5,2025-09-10,CBE,Google Play,com.combanketh.mobilebanking
am happy 😃,5,2025-09-09,CBE,Google Play,com.combanketh.mobilebanking
wowww,5,2025-09-08,CBE,Google Play,com.combanketh.mobilebanking
KEHRU nasir AbFIXA,5,2025-09-08,CBE,Google Play,com.combanketh.mobilebanking
It is well organized.,5,2025-09-08,CBE,Google Play,com.combanketh.mobilebanking
Can't see the nearest Branch or ATM available,2,2025-09-08,CBE,Google Play,com.combanketh.mobilebanking
the app does not open,1,2025-09-07,CBE,Google Play,com.combanketh.mobilebanking
from Monk,3,2025-09-06,CBE,Google Play,com.combanketh.mobilebanking
"Amazing, Delightful and Seamless Mobile Banking Application, I have ever Experienced!! Indeed, I feel Great Proud to be part of your Stakeholder! My First Choice Bank, Commercial Bank of Ethiopia, The Pioneer and Leading in Digital Banking Services in Ethiopia! Five stars ⭐⭐⭐⭐⭐ are little to you! Thank you so much🙏",5,2025-09-06,CBE,Google Play,com.combanketh.mobilebanking
incredible,5,2025-09-06,CBE,Google Play,com.combanketh.mobilebanking
የዚህ አፕ ተጠቃሚ ነበርኩ ያለሁት ከሀገር ውጭ ነው እና እየተጠቀምኩበት ሳለ አብደት አድርጊ አለኝ ሳረገው ፓስወርድ እንዴ አድስ ጠየቀኝ እንዴው እኔ አለሁበት ሀገር ሆኘ መስተካከል ከቻለ ተባበሩኝ በጣም አስፈላጊዬ ነው ::,5,2025-09-05,CBE,Google Play,com.combanketh.mobilebanking
it's the best money transfer app ever,5,2025-09-05,CBE,Google Play,com.combanketh.mobilebanking
it is nice,5,2025-09-05,CBE,Google Play,com.combanketh.mobilebanking
user friendly. best.,5,2025-09-05,CBE,Google Play,com.combanketh.mobilebanking
🙏,5,2025-09-05,CBE,Google Play,com.combanketh.mobilebanking
አሪፍ,5,2025-09-05,CBE,Google Play,com.combanketh.mobilebanking
best app!!!,5,2025-09-05,CBE,Google Play,com.combanketh.mobilebanking
"It is good app and really user friendly , but it not possible to start service after the app is uninstalled or device phone is changed. So please make it easy for us, after once you set us the requirements in your office we should have to use it only by install and launch it. We do not have to visit the near by branch office every time for such silly businesses but important things. in addition to that why is that for hidding senders name or account number How can I know who tranfers to me???",4,2025-09-05,CBE,Google Play,com.combanketh.mobilebanking
very good app,5,2025-09-05,CBE,Google Play,com.combanketh.mobilebanking
jabirabdala,5,2025-09-04,CBE,Google Play,com.combanketh.mobilebanking
unfair cost of transportations... what a shame!!!,1,2025-09-04,CBE,Google Play,com.combanketh.mobilebanking
"I think it is a good app to use easily. However, I have one more comment: the app does not automatically sync or update the balance in real time. Please review this issue. For example, when someone transfers money, the receiver's app does not sync automatically. It requires the user to manually initiate an update to see the current balance.",4,2025-09-04,CBE,Google Play,com.combanketh.mobilebanking
WAW!!! I AM PROUD!!! MY STRONG BANK WORKS AT BEST EVEN IN A REMOTE LOCATION HERE IN MALABO (ECUATORIAL GUINEA). MEWOLID MUBARAK CBE!!!,5,2025-09-04,CBE,Google Play,com.combanketh.mobilebanking
zinaa Ahmed,5,2025-09-04,CBE,Google Play,com.combanketh.mobilebanking
absolutely excellent,5,2025-09-03,CBE,Google Play,com.combanketh.mobilebanking
amazing app,5,2025-09-03,CBE,Google Play,com.combanketh.mobilebanking
perfect and easy,5,2025-09-03,CBE,Google Play,com.combanketh.mobilebanking
fastest,5,2025-09-03,CBE,Google Play,com.combanketh.mobilebanking
My account is not working,4,2025-09-03,CBE,Google Play,com.combanketh.mobilebanking
The recent update is not optimized fir latest version of android,2,2025-09-02,CBE,Google Play,com.combanketh.mobilebanking
topp,5,2025-09-01,CBE,Google Play,com.combanketh.mobilebanking
I appreciate it,5,2025-09-01,CBE,Google Play,com.combanketh.mobilebanking
v.good app,5,2025-09-01,CBE,Google Play,com.combanketh.mobilebanking
sahib amin jamal,1,2025-08-30,CBE,Google Play,com.combanketh.mobilebanking
installi,5,2025-08-30,CBE,Google Play,com.combanketh.mobilebanking
very good apps,5,2025-08-30,CBE,Google Play,com.combanketh.mobilebanking
👍👍👍👍,1,2025-08-30,CBE,Google Play,com.combanketh.mobilebanking
the app say it is not compatible with ur phone can u fix it it is not updating.,1,2025-08-30,CBE,Google Play,com.combanketh.mobilebanking
"I would like to give you some feedback on Current update, its very nice and easy to use👍 but in some button there is still not improved For example while iwant to check my recent Txn it not well sequenced and arranged or some txn may not appear ... becouse of this i see many of users of this app discomferted maily merchants and those make High txn daily. improve and miximize the txn shown to 300 up to 500. make Searchable Recent txn button! All in all the bank i Relly on! CBE my bank !",5,2025-08-29,CBE,Google Play,com.combanketh.mobilebanking
tinishu titiba,5,2025-08-29,CBE,Google Play,com.combanketh.mobilebanking
"essy to use ,has great interface and user-friendly g",5,2025-08-29,CBE,Google Play,com.combanketh.mobilebanking
Yuuuuu,5,2025-08-29,CBE,Google Play,com.combanketh.mobilebanking
I found it very much friendly,5,2025-08-29,CBE,Google Play,com.combanketh.mobilebanking
"Very useful app, while we use CBE.",5,2025-08-28,CBE,Google Play,com.combanketh.mobilebanking
woooow,5,2025-08-28,CBE,Google Play,com.combanketh.mobilebanking
Redmi,1,2025-08-28,CBE,Google Play,com.combanketh.mobilebanking
አርፍ ነው ነገር ግን ሴብ ያረገውን አካውንት እያጠፋብን ነው,5,2025-08-28,CBE,Google Play,com.combanketh.mobilebanking
kamil aweil,5,2025-08-28,CBE,Google Play,com.combanketh.mobilebanking
In your next update can you come with night mode future,5,2025-08-27,CBE,Google Play,com.combanketh.mobilebanking
"Truly, super competitive when compared to a well known app nowadays functioning broadly by simplest features and means namely known as Telebirr super app, Thus, CBE is my top ultimate choice that I prefer over the other bank due to its beautiful power of lead as a result I could recommend CBE to others because of its service provision via ethical principles and practice for customers satisfaction with existence of constraints and challenges face from burglary and froudalent hacker. Thank you !",5,2025-08-27,CBE,Google Play,com.combanketh.mobilebanking
mayreba app you its better if you use other banks,1,2025-08-27,CBE,Google Play,com.combanketh.mobilebanking
Not Prefect Transfer To Other Bank The Mony Not Deliverd Imidetliy Take Three Or Five Days,1,2025-08-27,CBE,Google Play,com.combanketh.mobilebanking
let us know before you shut down the app,4,2025-08-27,CBE,Google Play,com.combanketh.mobilebanking
excited,5,2025-08-27,CBE,Google Play,com.combanketh.mobilebanking
amizing,5,2025-08-26,CBE,Google Play,com.combanketh.mobilebanking
love it,5,2025-08-26,CBE,Google Play,com.combanketh.mobilebanking
yes it is v good,5,2025-08-26,CBE,Google Play,com.combanketh.mobilebanking
A great update in the Mobile Banking Application. Thanks for the System and customization department,5,2025-08-26,CBE,Google Play,com.combanketh.mobilebanking
this app is smart.,5,2025-08-26,CBE,Google Play,com.combanketh.mobilebanking
I am happy,5,2025-08-26,CBE,Google Play,com.combanketh.mobilebanking
Still I have not face critical problems sometimes delay to open,4,2025-08-25,CBE,Google Play,com.combanketh.mobilebanking
ጤና ከድረ,5,2025-08-25,CBE,Google Play,com.combanketh.mobilebanking
The connection between bank and the app is lag relationship this must be corrected.,4,2025-08-25,CBE,Google Play,com.combanketh.mobilebanking
I have forgotten mobail banking password,5,2025-08-25,CBE,Google Play,com.combanketh.mobilebanking
Thank you,5,2025-08-25,CBE,Google Play,com.combanketh.mobilebanking
muktaar Abraahim,5,2025-08-25,CBE,Google Play,com.combanketh.mobilebanking
🤞Good One,5,2025-08-24,CBE,Google Play,com.combanketh.mobilebanking
why does it say change pin to 6 digits is that right?,4,2025-08-24,CBE,Google Play,com.combanketh.mobilebanking
One of the worst mobile banking apps in Ethiopia. You can't access your txn record for more than 2 weeks.,1,2025-08-24,CBE,Google Play,com.combanketh.mobilebanking
i like it and aprshat.,4,2025-08-23,CBE,Google Play,com.combanketh.mobilebanking
"The app has some issues I updated recently and now I am not able to send funds to my telebirr wallet, also we need to have a place we save our contacts where we usually send money to, after update I keep loosing all the important accounts.",4,2025-08-23,CBE,Google Play,com.combanketh.mobilebanking
best app and easy to use,5,2025-08-23,CBE,Google Play,com.combanketh.mobilebanking
doesn't work unless with data doesn't refresh fast other wise functions ok but after the update transferring to telebirr is not working,2,2025-08-23,CBE,Google Play,com.combanketh.mobilebanking
List of transactions can't load over months and years..,1,2025-08-23,CBE,Google Play,com.combanketh.mobilebanking
transferring money to telebirr is not working,1,2025-08-23,CBE,Google Play,com.combanketh.mobilebanking
I don't Like this app and there service fee is highl,5,2025-08-23,CBE,Google Play,com.combanketh.mobilebanking
አዲሱ Update ጥሩ አይደለም. Update ካደረግኩት በኋላ ከዚህ በፊት ስላላክባቸው የነበሩትን Save አድርጎ ይዞት የነበረውን ሁሉንም የሰዎች አካውንቶች አጥፍቶብኛል.,2,2025-08-23,CBE,Google Play,com.combanketh.mobilebanking
this application do not show over all transaction history,3,2025-08-23,CBE,Google Play,com.combanketh.mobilebanking
this app is very nice but statment history is very shiort atlist add 15 days,4,2025-08-23,CBE,Google Play,com.combanketh.mobilebanking
Very disappointing application. it's getting worst by the day. both Amole and their super app. Just abysmal. Very sad.,1,2025-10-31,Dashen,Google Play,com.cr2.amolelight
"Banking made simple, smart, and safe.",5,2025-10-28,Dashen,Google Play,com.cr2.amolelight
It is the best of all i liked it i used it almost 2 years. As a idea i ask dashen bank system officier please make it self registerable app,5,2025-10-27,Dashen,Google Play,com.cr2.amolelight
gngu,5,2025-10-20,Dashen,Google Play,com.cr2.amolelight
"The app is very good , but it does not tell the account number to which transfer is made and the transfer reciever also does not know from whom the transaction was made.Moreover it requires frequent update within short period. Hence improve it accordingly.",4,2025-09-09,Dashen,Google Play,com.cr2.amolelight
"The best app and easy to use. The only draw back, it has no password reset option without going to brach. Pls modify it.",3,2025-08-24,Dashen,Google Play,com.cr2.amolelight
Please enable the app for sreen shoot,1,2025-08-18,Dashen,Google Play,com.cr2.amolelight
good,3,2025-08-11,Dashen,Google Play,com.cr2.amolelight
the best mobile banking app in Ethiopia,5,2025-07-19,Dashen,Google Play,com.cr2.amolelight
ግኡድ app,5,2025-07-17,Dashen,Google Play,com.cr2.amolelight
nice app,5,2025-07-16,Dashen,Google Play,com.cr2.amolelight
it's awesome application but there is no available card less système,5,2025-07-11,Dashen,Google Play,com.cr2.amolelight
The app suddenly stops,1,2025-06-12,Dashen,Google Play,com.cr2.amolelight
it is even super than super app,5,2025-06-12,Dashen,Google Play,com.cr2.amolelight
It would be more helpful if a/c no used for transfer are saved and usable for any future time transfers,4,2025-06-10,Dashen,Google Play,com.cr2.amolelight
truly one step ahead,4,2025-06-09,Dashen,Google Play,com.cr2.amolelight
best,5,2025-06-05,Dashen,Google Play,com.cr2.amolelight
nice application,4,2025-05-27,Dashen,Google Play,com.cr2.amolelight
bast smart bank sistem dashen amole dashen bamk,5,2025-05-17,Dashen,Google Play,com.cr2.amolelight
best app,5,2025-05-16,Dashen,Google Play,com.cr2.amolelight
ለአጠቃቀም እጅግ ቀላልና ድህንነቱ የተጠበቀ ነው።,5,2025-05-16,Dashen,Google Play,com.cr2.amolelight
"Worst app possible, I don't think it gets worse than this. Least user friendly process to exchange your own money, far too many hurdles you have to get past to make a simple money transfer. Even after getting past all the hurdles you are restricted with a min and I believe a max amount of your own money you have access to, not to mention time restrictions; I wasn't able to access my money past midnight multiple times. You can't change tab to another app, having opened this without it crashing.",1,2025-05-15,Dashen,Google Play,com.cr2.amolelight
I'm a Dashen Bank customer as I know its function and duty. Thanks.,5,2025-05-15,Dashen,Google Play,com.cr2.amolelight
Amole is the digital mobile application what i prefer.,5,2025-05-15,Dashen,Google Play,com.cr2.amolelight
nice,4,2025-05-12,Dashen,Google Play,com.cr2.amolelight
best mobile banking app👍,5,2025-05-10,Dashen,Google Play,com.cr2.amolelight
Complicated and fake app,1,2025-04-29,Dashen,Google Play,com.cr2.amolelight
Its Good updation from Previous,3,2025-04-25,Dashen,Google Play,com.cr2.amolelight
yarid dima,5,2025-04-17,Dashen,Google Play,com.cr2.amolelight
Best app,5,2025-04-13,Dashen,Google Play,com.cr2.amolelight
"Requires updates too frequently, often has server related issues, the fingerprint always requires updating, it's the most unreliable app I've used and always fails when you want to make urgent payments.",2,2025-04-10,Dashen,Google Play,com.cr2.amolelight
dashin,3,2025-04-07,Dashen,Google Play,com.cr2.amolelight
disappointed because of option to transfer cash on telebirr is limited for self only.... those and other similar given choices by the bank used us to choose this bank over others! no doubt I will be not preferring this bank with no unique incentives.,1,2025-03-29,Dashen,Google Play,com.cr2.amolelight
everything is perfect,5,2025-03-29,Dashen,Google Play,com.cr2.amolelight
Dashin Bank#1,5,2025-03-20,Dashen,Google Play,com.cr2.amolelight
Both Amole & Dashen superApp are by far the worst mobile banking apps i have ever came across. if only there is 0 star option,1,2025-03-18,Dashen,Google Play,com.cr2.amolelight
"funny app, so much gymnastics just to be an app for sending and receiving money.",3,2025-03-18,Dashen,Google Play,com.cr2.amolelight
I use this app so many times so i like it,5,2025-03-17,Dashen,Google Play,com.cr2.amolelight
Why did u change the option to transfer to other tellebirr account,1,2025-03-17,Dashen,Google Play,com.cr2.amolelight
It's nice and simple to use app.,5,2025-03-16,Dashen,Google Play,com.cr2.amolelight
Just 👍,5,2025-03-15,Dashen,Google Play,com.cr2.amolelight
Not god its,5,2025-03-14,Dashen,Google Play,com.cr2.amolelight
Regarding Internet banking i really choice a Dashen Bank and I have one recommendation for app developer shall considere the low android level means 4-6 android to adress all types of android users because now a days the current updated app can't support such android.Thanks!!!,5,2025-03-08,Dashen,Google Play,com.cr2.amolelight
It doesn't work,1,2025-03-02,Dashen,Google Play,com.cr2.amolelight
ምርጥ,5,2025-02-28,Dashen,Google Play,com.cr2.amolelight
Best,5,2025-02-26,Dashen,Google Play,com.cr2.amolelight
Please the update is refused to be download on my phone tecno f1. Please solve this issue ASAP,1,2025-02-26,Dashen,Google Play,com.cr2.amolelight
Excellent app,5,2025-02-24,Dashen,Google Play,com.cr2.amolelight
"Very poor service, always not responding when ever we need to transfer I rate it 0 !",1,2025-02-23,Dashen,Google Play,com.cr2.amolelight
The recent update is broken. It diesn't allow to take screen shots (which by it self is not a problem) and the share button of a transaction doesn't work nor it will download the transaction receipt. I know security is especially important for banking systems but such a huge limitations on functionality will not serve the app any good. I guess the super app is the way to go.,2,2025-02-21,Dashen,Google Play,com.cr2.amolelight
It is good but have so much problem ...even it say not compateble to your phone...it not easy for work ..,1,2025-02-20,Dashen,Google Play,com.cr2.amolelight
Dashen bank ATM,5,2025-02-20,Dashen,Google Play,com.cr2.amolelight
Good,1,2025-02-18,Dashen,Google Play,com.cr2.amolelight
Good Banking App,5,2025-02-17,Dashen,Google Play,com.cr2.amolelight
stay hamble,5,2025-02-14,Dashen,Google Play,com.cr2.amolelight
Great,5,2025-02-13,Dashen,Google Play,com.cr2.amolelight
ይሄ አሪፍ,2,2025-02-12,Dashen,Google Play,com.cr2.amolelight
good app i like it but still i am confused because i cannot use prperly so Please check the app,3,2025-02-12,Dashen,Google Play,com.cr2.amolelight
Very slow and it seems it needs update everytime,1,2025-02-12,Dashen,Google Play,com.cr2.amolelight
Nice,5,2025-02-11,Dashen,Google Play,com.cr2.amolelight
Open app amole dashin,5,2025-02-10,Dashen,Google Play,com.cr2.amolelight
Akiliua,5,2025-02-10,Dashen,Google Play,com.cr2.amolelight
Perfiekt,5,2025-02-10,Dashen,Google Play,com.cr2.amolelight
Help,5,2025-02-08,Dashen,Google Play,com.cr2.amolelight
Good app,5,2025-02-08,Dashen,Google Play,com.cr2.amolelight
A very fast mobile banking app,5,2025-02-07,Dashen,Google Play,com.cr2.amolelight
Good job,5,2025-02-07,Dashen,Google Play,com.cr2.amolelight
It's nice and easy to use,5,2025-02-07,Dashen,Google Play,com.cr2.amolelight
Nice app,5,2025-02-07,Dashen,Google Play,com.cr2.amolelight
Good app i used it always,5,2025-02-07,Dashen,Google Play,com.cr2.amolelight
It is very very slow pls update,2,2025-02-06,Dashen,Google Play,com.cr2.amolelight
Very slow and it seems that every update something else is not working. The latest update doesn't allow me to use biometrics anymore and maximum daily transfer to Telebirr is 5k?!,1,2025-02-04,Dashen,Google Play,com.cr2.amolelight
Good app Amole Wonderful,5,2025-02-01,Dashen,Google Play,com.cr2.amolelight
This app needs many modifications. It takes long time to log in to the account. It is not as fast as CBE. please Update it🙏🙏🙏,1,2025-02-01,Dashen,Google Play,com.cr2.amolelight
"The app is cool, but unlike other banks they don't provide a receipt for mobile banking transactions, which makes it useless for payments that require receipt",2,2025-01-31,Dashen,Google Play,com.cr2.amolelight
I am glad to customer with you .I have plan to use dube ale and amole.,5,2025-01-27,Dashen,Google Play,com.cr2.amolelight
WOW that's awesome,5,2025-01-27,Dashen,Google Play,com.cr2.amolelight
I cant choose select an account,1,2025-01-26,Dashen,Google Play,com.cr2.amolelight
Good👍,5,2025-01-22,Dashen,Google Play,com.cr2.amolelight
wow,5,2025-01-15,Dashen,Google Play,com.cr2.amolelight
we needs modification at all !,1,2025-01-14,Dashen,Google Play,com.cr2.amolelight
It was good at first but now the system is very bad.please try to fix it.,1,2025-01-14,Dashen,Google Play,com.cr2.amolelight
Generic error how tofix,4,2025-01-06,Dashen,Google Play,com.cr2.amolelight
Fast and suitable to learn.,5,2025-01-04,Dashen,Google Play,com.cr2.amolelight
"The app is extremely slow, often stuck on the logo. Security is poor, requiring only username/password. This allows unauthorized transactions. A large company like yours needs stronger security, such as two-factor authentication. The app's speed lags significantly compared to others. Numerous updates are needed to improve performance and security. Currently, it's a frustrating and time-wasting experience.",1,2025-01-03,Dashen,Google Play,com.cr2.amolelight
Sometimes it's soo slow,3,2025-01-01,Dashen,Google Play,com.cr2.amolelight
the best app I used always,1,2024-12-31,Dashen,Google Play,com.cr2.amolelight
Amole apk is ..... it's very good apk . please used amole Apk,5,2024-12-29,Dashen,Google Play,com.cr2.amolelight
fast and secure app,5,2024-12-23,Dashen,Google Play,com.cr2.amolelight
Ok,4,2024-12-18,Dashen,Google Play,com.cr2.amolelight
I am new for this App let me to use and i will rate 5 star while i get Satisfie,3,2024-12-17,Dashen,Google Play,com.cr2.amolelight
Yeb,5,2024-12-12,Dashen,Google Play,com.cr2.amolelight
Good Ait service!,5,2024-12-09,Dashen,Google Play,com.cr2.amolelight
Sisay mustefa abani,5,2024-12-08,Dashen,Google Play,com.cr2.amolelight
Wow,5,2024-12-06,Dashen,Google Play,com.cr2.amolelight
"It can't load, even in a fast network connection. This app is so bad that it needs fixing",1,2024-12-05,Dashen,Google Play,com.cr2.amolelight
The best mobile banking in Ethiopia 👍👍,5,2024-12-03,Dashen,Google Play,com.cr2.amolelight
Thnk you,5,2024-12-02,Dashen,Google Play,com.cr2.amolelight
I like this app b/c it has many options and easily useable,5,2024-11-28,Dashen,Google Play,com.cr2.amolelight
Its nice but it does not have speed it requires a lot of patience it will not be for a problem,3,2024-11-28,Dashen,Google Play,com.cr2.amolelight
It is better if he blinks (ከንግድ ባንክ666).,5,2024-11-28,Dashen,Google Play,com.cr2.amolelight
Naysssss,5,2024-11-27,Dashen,Google Play,com.cr2.amolelight
It's good,3,2024-11-21,Dashen,Google Play,com.cr2.amolelight
Big love,5,2024-11-20,Dashen,Google Play,com.cr2.amolelight
Excellent,5,2024-11-16,Dashen,Google Play,com.cr2.amolelight
Please decrease app size,4,2024-11-09,Dashen,Google Play,com.cr2.amolelight
It's great,5,2024-11-08,Dashen,Google Play,com.cr2.amolelight
Alem Zeleqe,3,2024-11-08,Dashen,Google Play,com.cr2.amolelight
❤️,5,2024-11-08,Dashen,Google Play,com.cr2.amolelight
Great Financial App,5,2024-10-28,Dashen,Google Play,com.cr2.amolelight
Deshan bank,5,2024-10-27,Dashen,Google Play,com.cr2.amolelight
"Still in love with it but while the app start to open, it takes time pls upgrade & fix the bug.",5,2024-10-22,Dashen,Google Play,com.cr2.amolelight
It's such an amazing app. Truly Dashen bank is always one step ahead of other banks in 🇪🇹 👍,5,2024-10-16,Dashen,Google Play,com.cr2.amolelight
Best App for all users.,5,2024-10-02,Dashen,Google Play,com.cr2.amolelight
I ilke very much,5,2024-09-25,Dashen,Google Play,com.cr2.amolelight
"The app suffers from severe performance issues, particularly with response times. The backend seems to have high latency, as the OTP generation and delivery process consistently delays, even after the server acknowledges that it has been sent. API requests frequently fail, returning non-descriptive error messages that lack proper exception handling, making it difficult for users to understand the issue. I know you will gonne say""ehe yedekem hzb teche alteche"", but that it.",1,2024-09-12,Dashen,Google Play,com.cr2.amolelight
"The security, cool, every time OTP!! The UI, let's not talk about the UI, But how the heck it says ""offline mode is not available"" something like that, when I enter more than the max amount to transfer. Fellas i am a web dev, this is bad UX. It needs update on the UX. Will see the UI later.",3,2024-09-10,Dashen,Google Play,com.cr2.amolelight
Select from Sending account option not working when trying to send to other banks,2,2024-09-08,Dashen,Google Play,com.cr2.amolelight
It's not working,1,2024-09-08,Dashen,Google Play,com.cr2.amolelight
nice App,5,2024-09-07,Dashen,Google Play,com.cr2.amolelight
የአንደኛ ቀዳሚ ምርጫችን ዳሽን ባንክ ሁልጊዜ አንድ እርምጃ ቀዳሚ። የአሞሌ አስጠቃሚ።,5,2024-09-03,Dashen,Google Play,com.cr2.amolelight
በጠም ውደድኩት ስህተት ከለው በጠም መዝገቱ ደስ ብሎኛል,5,2024-08-24,Dashen,Google Play,com.cr2.amolelight
🔥,4,2024-08-24,Dashen,Google Play,com.cr2.amolelight
"Although the application is good, but, it is difficult to get out. The app does not work to get out with the back cursor . Fix it quickly.",1,2024-08-22,Dashen,Google Play,com.cr2.amolelight
Go,3,2024-08-21,Dashen,Google Play,com.cr2.amolelight
"I like thise app it is smart app,but when i make one mistake it will automatically block",5,2024-08-15,Dashen,Google Play,com.cr2.amolelight
Suaud,5,2024-08-05,Dashen,Google Play,com.cr2.amolelight
wenderfull,5,2024-08-03,Dashen,Google Play,com.cr2.amolelight
Nice app in Ethiopia,5,2024-08-01,Dashen,Google Play,com.cr2.amolelight
simply the best,5,2024-07-26,Dashen,Google Play,com.cr2.amolelight
Very nice mob app,3,2024-07-26,Dashen,Google Play,com.cr2.amolelight
"I hate this app stack and blackscreen not open as required ,normaly i resigned my job do to this app b/c our salary are depoite by dashen bank",1,2024-06-28,Dashen,Google Play,com.cr2.amolelight
Wow Very Nice App,5,2024-06-22,Dashen,Google Play,com.cr2.amolelight
Telebirr agent deposit is not working until now. Please fix it. Fix it fast.,5,2024-06-19,Dashen,Google Play,com.cr2.amolelight
Very good,5,2024-06-16,Dashen,Google Play,com.cr2.amolelight
The developers have incorporated biometric login which has made the app very convenient and user friendly. I will now increase my rating as promised,5,2024-06-15,Dashen,Google Play,com.cr2.amolelight
Memekaye miliyoon girmaa,3,2024-06-14,Dashen,Google Play,com.cr2.amolelight
This app is 🤩,5,2024-06-12,Dashen,Google Play,com.cr2.amolelight
Be adjusted this app is not available anytime,5,2024-06-11,Dashen,Google Play,com.cr2.amolelight
Super app,5,2024-06-10,Dashen,Google Play,com.cr2.amolelight
"Very poor app! It locked my out without any reason, does not have any conformation or screenshots . And delay when opening of the app. It is just time wasting.",1,2024-06-09,Dashen,Google Play,com.cr2.amolelight
Best app....,5,2024-06-06,Dashen,Google Play,com.cr2.amolelight
wow amole,4,2024-06-03,Dashen,Google Play,com.cr2.amolelight
We,1,2024-06-01,Dashen,Google Play,com.cr2.amolelight
Tye app is mostly good but you should make it be able to save usernames instead of typing every time i want to login,4,2024-05-31,Dashen,Google Play,com.cr2.amolelight
"It's good enough. But, there is slowing in beginning of the App....",5,2024-05-24,Dashen,Google Play,com.cr2.amolelight
"Good for safety,take long way though",5,2024-05-22,Dashen,Google Play,com.cr2.amolelight
😘,5,2024-05-20,Dashen,Google Play,com.cr2.amolelight
Bad app that not helping me the is not login,1,2024-05-18,Dashen,Google Play,com.cr2.amolelight
Best after removal of screelock password,5,2024-05-13,Dashen,Google Play,com.cr2.amolelight
"I really don't get how this is the lite version and it is bigger than the og app, ah well it is what it is ig ¯⁠\⁠_😂_⁠/⁠¯",5,2024-05-10,Dashen,Google Play,com.cr2.amolelight
"Dashen Bank is the gold standard of banking in Ethiopia! The mobile app makes banking convenient and efficient. Plus, the branch services is top-notch, with staff always ready to assist with a smile.",5,2024-05-10,Dashen,Google Play,com.cr2.amolelight
ማይ,1,2024-05-09,Dashen,Google Play,com.cr2.amolelight
Doesn't work most of the time,1,2024-05-09,Dashen,Google Play,com.cr2.amolelight
that is awesome,5,2024-05-01,Dashen,Google Play,com.cr2.amolelight
"It's so boring.... I don't wanna say this but this app so tough to take action. It's take long time and also it's conditional mostly it's not available, in 1 day it's work for 1 or 2 hour .... this bank so huge but de app it's not enough to define your exellence",1,2024-04-30,Dashen,Google Play,com.cr2.amolelight
Jafare has fyguhfiwudgg,5,2024-04-25,Dashen,Google Play,com.cr2.amolelight
it's fine,5,2024-04-20,Dashen,Google Play,com.cr2.amolelight
This app is very good Nice app people please use this app 😃☺️☺️,5,2024-04-20,Dashen,Google Play,com.cr2.amolelight
Wow amazing platform 🙏,5,2024-04-17,Dashen,Google Play,com.cr2.amolelight
"I tried to log in twice and locked me out. I tried to email them, but no one responded 🙃 please respond to our email back",1,2024-04-12,Dashen,Google Play,com.cr2.amolelight
Why dont update,5,2024-04-06,Dashen,Google Play,com.cr2.amolelight
This app is so good and its an interesting,3,2024-03-29,Dashen,Google Play,com.cr2.amolelight
The best easy banking app ever @ Ethiopia,5,2024-03-26,Dashen,Google Play,com.cr2.amolelight
Amole lite wow its more easy for use and more secured. I really its one step a head,5,2024-03-25,Dashen,Google Play,com.cr2.amolelight
Excellent and Easy to use.,5,2024-03-25,Dashen,Google Play,com.cr2.amolelight
it's good app I'm using it right now but after it have installed doesn't work fastly and again goes to update..plc fix the problem..,3,2024-03-23,Dashen,Google Play,com.cr2.amolelight
Very nice,5,2024-03-22,Dashen,Google Play,com.cr2.amolelight
It's good app,5,2024-03-22,Dashen,Google Play,com.cr2.amolelight
Very secured app but after the last update it takes long time to start .pls minimize the start time ppl might have no patience to wait more than 30 seconds just for the app to open ..,5,2024-03-22,Dashen,Google Play,com.cr2.amolelight
I don't know why I have been stuck with other mobile banking systems when all I needed was amole... I loved it,5,2024-03-22,Dashen,Google Play,com.cr2.amolelight
Special for me,5,2024-03-21,Dashen,Google Play,com.cr2.amolelight
Baset app,5,2024-03-20,Dashen,Google Play,com.cr2.amolelight
it is good App,4,2024-03-19,Dashen,Google Play,com.cr2.amolelight
Nuuroo usmaan gaamilcom,5,2024-03-18,Dashen,Google Play,com.cr2.amolelight
Very good app,5,2024-03-17,Dashen,Google Play,com.cr2.amolelight
Student,5,2024-03-17,Dashen,Google Play,com.cr2.amolelight
Please apply!cardless cash out system🙏,2,2024-03-17,Dashen,Google Play,com.cr2.amolelight
it has a lot of options but it is a slowe while opning by biometric,2,2024-03-17,Dashen,Google Play,com.cr2.amolelight
The last update is not working correctly so i stop using this app betam huwala ker new dashen bank needs to work on its digital app teams,5,2024-03-17,Dashen,Google Play,com.cr2.amolelight
How to use application,5,2024-03-16,Dashen,Google Play,com.cr2.amolelight
cooooolllllll,5,2024-03-16,Dashen,Google Play,com.cr2.amolelight
I prefered you b/cs your service charge is very fair.,5,2024-03-16,Dashen,Google Play,com.cr2.amolelight
Excellent App And Easy To Use Every where.,5,2024-03-16,Dashen,Google Play,com.cr2.amolelight
ተመችቶናል,4,2024-03-16,Dashen,Google Play,com.cr2.amolelight
The best app,5,2024-03-16,Dashen,Google Play,com.cr2.amolelight
Well done Dashen Bank.,4,2024-03-16,Dashen,Google Play,com.cr2.amolelight
"The UI/UX experience is already good, but some minor tweaks in font sizes and color can take it to the top-notch level. Imagine the sheer joy and satisfaction your users will feel when they see the polished and refined interface you've created for them. Don't miss the opportunity to impress them even more with these simple yet impactful changes.",5,2024-03-12,Dashen,Google Play,com.cr2.amolelight
I m the one here in Dashen bank,5,2024-03-06,Dashen,Google Play,com.cr2.amolelight
improve more,3,2024-03-04,Dashen,Google Play,com.cr2.amolelight
ለመግባት (login) ቀርፋፋ ነው ።,1,2024-03-04,Dashen,Google Play,com.cr2.amolelight
I like this,3,2024-03-03,Dashen,Google Play,com.cr2.amolelight
Longin fails repeatedly,3,2024-02-28,Dashen,Google Play,com.cr2.amolelight
One of the best app I have ever seen it's simple to use,5,2024-02-26,Dashen,Google Play,com.cr2.amolelight
Personal scored,5,2024-02-25,Dashen,Google Play,com.cr2.amolelight
Welcome,4,2024-02-22,Dashen,Google Play,com.cr2.amolelight
Needs to be underrated. Bad service,1,2024-02-20,Dashen,Google Play,com.cr2.amolelight
Easy to use,4,2024-02-15,Dashen,Google Play,com.cr2.amolelight
Its nice,5,2024-02-12,Dashen,Google Play,com.cr2.amolelight
Mudeme,5,2024-02-11,Dashen,Google Play,com.cr2.amolelight
The upgraded Amole lite app is nice. I’ve loved it. But #USSD CANNOT BE ADJUSTED FOR NEW CUSTOMERS ESPECIALLY THOSE WHO DO NOT HAVE SMARTPHONES. YOU NEED TO IMPROVE THIS ONE,5,2024-02-11,Dashen,Google Play,com.cr2.amolelight
Past,5,2024-02-10,Dashen,Google Play,com.cr2.amolelight
Open,1,2024-02-09,Dashen,Google Play,com.cr2.amolelight
Awesome,5,2024-02-06,Dashen,Google Play,com.cr2.amolelight
receipt downloading is not avialable in this version,1,2024-02-05,Dashen,Google Play,com.cr2.amolelight
Good 👍,5,2024-02-04,Dashen,Google Play,com.cr2.amolelight
Not reliable!,1,2024-02-04,Dashen,Google Play,com.cr2.amolelight
The last update doesn't work when you chose account to send money on lower Android version,1,2024-02-04,Dashen,Google Play,com.cr2.amolelight
Exchange rate is not real,5,2024-02-03,Dashen,Google Play,com.cr2.amolelight
Good Security,5,2024-02-03,Dashen,Google Play,com.cr2.amolelight
"It's good app but i can not see the history of transactions on the app and also updated one is not good can't send always says, choose account",5,2024-02-02,Dashen,Google Play,com.cr2.amolelight
Its good,5,2024-02-02,Dashen,Google Play,com.cr2.amolelight
Happy day,4,2024-02-01,Dashen,Google Play,com.cr2.amolelight
"Disabled taking screenshots so there's no way to share payment confirmation screenshot with people. When you think the app couldn't get any worse, somehow these people find a way to do so.",1,2024-02-01,Dashen,Google Play,com.cr2.amolelight
Too technical.,1,2024-02-01,Dashen,Google Play,com.cr2.amolelight
🥰🥰🥰🥰,5,2024-02-01,Dashen,Google Play,com.cr2.amolelight
Fast and secured,5,2024-02-01,Dashen,Google Play,com.cr2.amolelight
Good but it need additional work it is slow in respond,3,2024-01-31,Dashen,Google Play,com.cr2.amolelight
My best,5,2024-01-31,Dashen,Google Play,com.cr2.amolelight
"l am old customer of dashen bank, i started to use this app almost for five month, in those time i didn't saw any negative on this app, its interesting and you can pay and recieve payment easily. from ethiopian banks i give five star its always seek new technology than ever bank.",5,2024-01-31,Dashen,Google Play,com.cr2.amolelight
Its nice please add reprint to get the receit,5,2024-01-31,Dashen,Google Play,com.cr2.amolelight
Amole 100%,5,2024-01-31,Dashen,Google Play,com.cr2.amolelight
I like it this app,4,2024-01-31,Dashen,Google Play,com.cr2.amolelight
Smart and best always !,5,2024-01-30,Dashen,Google Play,com.cr2.amolelight
Dashed Bank A...,5,2024-01-29,Dashen,Google Play,com.cr2.amolelight
ያማችኋል አይሰራም,1,2024-01-22,Dashen,Google Play,com.cr2.amolelight
since i started using this app its speed and reliability is great as well. it incorporates all technologies. I am very impressed with the modern work you are doing with little effort.,5,2024-01-22,Dashen,Google Play,com.cr2.amolelight
"It doesn't work, it keeps saying ""there was a problem submitting your request. Please try again later"" how come banking app service down all the time. It is very irritating.",1,2024-01-17,Dashen,Google Play,com.cr2.amolelight
Excellent quality Applications Dashen bank for ever,5,2024-01-15,Dashen,Google Play,com.cr2.amolelight
Way,5,2024-01-13,Dashen,Google Play,com.cr2.amolelight
This is the most ridiculous thing I have ever seen they are on maintenance everyother day,1,2023-12-31,Dashen,Google Play,com.cr2.amolelight
Well improved!,4,2023-12-29,Dashen,Google Play,com.cr2.amolelight
Keeps hanging ..,3,2023-12-24,Dashen,Google Play,com.cr2.amolelight
It's exceptional,5,2023-12-24,Dashen,Google Play,com.cr2.amolelight
Dashen Bank Amole Lite essy to use and the connection is fast.,5,2023-12-23,Dashen,Google Play,com.cr2.amolelight
Ita fantastic,5,2023-12-23,Dashen,Google Play,com.cr2.amolelight
It is best app,5,2023-12-19,Dashen,Google Play,com.cr2.amolelight
Top,5,2023-12-18,Dashen,Google Play,com.cr2.amolelight
Dashen Bank is App 🥰👌,5,2023-12-18,Dashen,Google Play,com.cr2.amolelight
<> መፈክራችው እና ስራችው አይገናኝም ። በጣም የሚያስጠላ app ነው። ቀድሞ ያልዘመና ነው በአጠቃላይ ጊዜ እና ገንዘብ የሚያከስር app ነው ። keep our time unless uses this app,1,2023-12-18,Dashen,Google Play,com.cr2.amolelight
I am very comfortable with the efficiency,5,2023-12-15,Dashen,Google Play,com.cr2.amolelight
"I tried to use this app for long and failed to do so. Initially, I able to use it even though with difficulty (very slow, need of login and logout) now and then. Then i couldn't use it. I tried to reset with one of the Dashen branch bank but failed",1,2023-12-11,Dashen,Google Play,com.cr2.amolelight
⭐️⭐️⭐️⭐️⭐️,5,2023-12-07,Dashen,Google Play,com.cr2.amolelight
Too slow!,1,2023-12-05,Dashen,Google Play,com.cr2.amolelight
a best tecnology appl.,5,2023-11-26,Dashen,Google Play,com.cr2.amolelight
This app no working 1 star,1,2023-11-23,Dashen,Google Play,com.cr2.amolelight
This app works so good. But i don't get it why it never show incoming fund transfer report? Have you notice this?,3,2023-11-23,Dashen,Google Play,com.cr2.amolelight
it sስሎው አፕፕ ፕሊስ ቸንግ አንድ ፋሰት,1,2023-11-22,Dashen,Google Play,com.cr2.amolelight
There is always room for improvement and an opportunity to adopt! keep improving and keep evolving. I would love to see external services provided by the Amole app to utilize and actively operate our banking account. Option to invest in ideas that could build Ethiopian creativity. Yosef ke Dallas,4,2023-11-22,Dashen,Google Play,com.cr2.amolelight
"Even though I am a long-time Dashen Bank admirer, I find this app hard to use compared to other banks' mobile apps. It has a problem refreshing account balance, I needed to log out and login to see the updated account balance. Overall, user friendliness of the app needs a serious upgrade. I will improve my rating once problems are addressed.",1,2023-11-22,Dashen,Google Play,com.cr2.amolelight
"very fast ,secure and simply to use i like amole",5,2023-11-15,Dashen,Google Play,com.cr2.amolelight
Amazing,5,2023-11-13,Dashen,Google Play,com.cr2.amolelight
The best of the best app,5,2023-11-12,Dashen,Google Play,com.cr2.amolelight
ለአጠቃቀም አመቺ እና ቀላል የሆነ የሞባይል መተግበሪያ ነው ።,5,2023-11-12,Dashen,Google Play,com.cr2.amolelight
It is a reliable and safe application.,5,2023-11-11,Dashen,Google Play,com.cr2.amolelight
"Best app, it saves traveling cost plus work time forgone. Simply bank in your home and hand 🙏",5,2023-11-11,Dashen,Google Play,com.cr2.amolelight
It is compatible.,4,2023-11-11,Dashen,Google Play,com.cr2.amolelight
It's very good app but always try to open requested update...,4,2023-11-11,Dashen,Google Play,com.cr2.amolelight
please how can i fix my app it keep saying application error i have tried to uninstall and install again nothing has changed please help,1,2023-11-10,Dashen,Google Play,com.cr2.amolelight
"It is too slow application than any one of Ethiopian mobile banking apps. Please make it fast, and its feature beautiful. I am a Dashen Bank Customer and user of this app. Thank you.",2,2023-11-10,Dashen,Google Play,com.cr2.amolelight
Not working sometimes,3,2023-11-09,Dashen,Google Play,com.cr2.amolelight
The best one of the internet banking apps I've come across in Ethiopia. Only thing I would like to see added is the ability to get a receipt after the payment has been payed or transferred. Since it only gives a receipt right at the moment of payment and after that there is no way to get a receipt.,5,2023-11-08,Dashen,Google Play,com.cr2.amolelight
ምንድን ነው password 🔑 expired የሚለው,5,2023-10-17,Dashen,Google Play,com.cr2.amolelight
Worst app ever all it does is load and fail plus your customer service on front are not supporting,1,2023-10-17,Dashen,Google Play,com.cr2.amolelight
Best app I used it,1,2023-10-14,Dashen,Google Play,com.cr2.amolelight
Faster secure and best international creadite card is the frist bank ethiopian bank to apply prophational card.,5,2023-10-13,Dashen,Google Play,com.cr2.amolelight
Excllent,5,2023-10-07,Dashen,Google Play,com.cr2.amolelight
This is nice adds that I like it.,5,2023-09-30,Dashen,Google Play,com.cr2.amolelight
It is simple and fast.,5,2023-09-29,Dashen,Google Play,com.cr2.amolelight
👏👏👏,4,2023-09-27,Dashen,Google Play,com.cr2.amolelight
Vary good,2,2023-09-27,Dashen,Google Play,com.cr2.amolelight
Amazing banking app.,5,2023-09-26,Dashen,Google Play,com.cr2.amolelight
Great app,5,2023-09-25,Dashen,Google Play,com.cr2.amolelight
Best app ever,5,2023-09-10,Dashen,Google Play,com.cr2.amolelight
Ashabul,5,2023-09-10,Dashen,Google Play,com.cr2.amolelight
Best easy and secure app thank you,5,2023-09-08,Dashen,Google Play,com.cr2.amolelight
Best app Ever!,5,2023-09-03,Dashen,Google Play,com.cr2.amolelight
"Why not we can pay bill,directly from main account, difficult to transfer repeatedly.",5,2023-09-02,Dashen,Google Play,com.cr2.amolelight
"Aside of some of it's major flows, the worst one yet is that it doesn't give you the full detail of your transaction history. Like the receiver's name and account number. You've to take a screenshot to document it or send it to the receiver as a confirmation.",2,2023-09-02,Dashen,Google Play,com.cr2.amolelight
Good app for use simple and easy,5,2023-09-01,Dashen,Google Play,com.cr2.amolelight
ባጠቃላይ ባንኩ እወደዋለሁኝ,5,2023-08-31,Dashen,Google Play,com.cr2.amolelight
"Like your slogan, you are one step ahead.",5,2023-08-31,Dashen,Google Play,com.cr2.amolelight
Loved,5,2023-08-30,Dashen,Google Play,com.cr2.amolelight
Very good app and secured,5,2023-08-28,Dashen,Google Play,com.cr2.amolelight
This app is so simple to use and secured. But while generating receipt or ደረሰኝ its required additional app XML viewer or PDF conversion app. Why? Can we view the receipt through jpg viewers?,4,2023-08-26,Dashen,Google Play,com.cr2.amolelight
Not too bad,3,2023-08-19,Dashen,Google Play,com.cr2.amolelight
Teribble need a lot of work to improve,1,2023-08-19,Dashen,Google Play,com.cr2.amolelight
ok,5,2023-08-18,Dashen,Google Play,com.cr2.amolelight
ምርጥየ,5,2023-08-18,Dashen,Google Play,com.cr2.amolelight
Baheru ጭስ,2,2023-08-16,Dashen,Google Play,com.cr2.amolelight
Wawu,5,2023-08-12,Dashen,Google Play,com.cr2.amolelight
Thank Dashen bank,5,2023-08-12,Dashen,Google Play,com.cr2.amolelight
Simple and secured,5,2023-08-10,Dashen,Google Play,com.cr2.amolelight
its nice and easg to use.Also its unique part is very fast,5,2023-08-10,Dashen,Google Play,com.cr2.amolelight
It's just ewww the app overall,2,2023-08-10,Dashen,Google Play,com.cr2.amolelight
Love it,5,2023-08-09,Dashen,Google Play,com.cr2.amolelight
Good App.,5,2023-08-09,Dashen,Google Play,com.cr2.amolelight
Simplify.,5,2023-08-01,Dashen,Google Play,com.cr2.amolelight
"Abel Balcha, and Abel Solomon, sad to say what is annoying is to read your comment about password. Your comments on password tell your limited knowledge about digital security. Both comments goes against strong security policies; It is meant to protect your assets. Don't be careless on it. Reconsider your review. In a way you are telling how secure this app is. I hope Dashen will respond to disqualify your review points. It is just not fair.",4,2023-07-30,Dashen,Google Play,com.cr2.amolelight
good👍,4,2023-07-28,Dashen,Google Play,com.cr2.amolelight
good app,5,2023-07-27,Dashen,Google Play,com.cr2.amolelight
"I really enjoy this app because by doing anything it could remind me and saying you logged in with this app, if is not you contact this number.. So I like it",5,2023-07-23,Dashen,Google Play,com.cr2.amolelight
Tell 6836,1,2023-07-22,Dashen,Google Play,com.cr2.amolelight
"The login should be auto filled,",3,2023-07-20,Dashen,Google Play,com.cr2.amolelight
የአንድ ጊዜ ምስጥር ቁጥር ቶሎ አይመጣም ብዙ ሰዓት ያስጠብቃል ማሻሻያ ይደረግ,2,2023-07-20,Dashen,Google Play,com.cr2.amolelight
Used balance check app,5,2023-07-14,Dashen,Google Play,com.cr2.amolelight
Nice so perfect,5,2023-07-06,Dashen,Google Play,com.cr2.amolelight
It is easy to use,5,2023-07-04,Dashen,Google Play,com.cr2.amolelight
This appi is 👍Good,3,2023-06-09,Dashen,Google Play,com.cr2.amolelight
ጥሩ ነው ግን chrom ላይ password save አድርጎ ያቆያል,5,2023-06-09,Dashen,Google Play,com.cr2.amolelight
Thankz,3,2023-06-08,Dashen,Google Play,com.cr2.amolelight
Why should change password it's not good if ur client forget password it can be exhausted for client,2,2023-06-08,Dashen,Google Play,com.cr2.amolelight
OTP not send on time while processing any transactions by this app.,4,2023-06-07,Dashen,Google Play,com.cr2.amolelight
"It is simple to use, one annoying thing is, it demands you to change passward frequently and then, when we get confused which passward we used last time, it locks you out, if you put wrong passward and then tells to go to your bank, which may be miles away. Please make the frequency of passward change less frequent.",2,2023-06-06,Dashen,Google Play,com.cr2.amolelight
good upp,1,2023-06-06,Dashen,Google Play,com.cr2.amolelight
Five star,5,2023-05-26,Dashen,Google Play,com.cr2.amolelight
It's amazing app use it!,5,2023-05-21,Dashen,Google Play,com.cr2.amolelight
"I really enjoy using the amole app simple and easy. I hope the developers add card management services like change your pin, disable card and so on other than that I enjoy using amole it's great 👍",5,2023-05-16,Dashen,Google Play,com.cr2.amolelight
I can't update amole lite and when I try to use the old version it can't log on to my account.,3,2023-05-13,Dashen,Google Play,com.cr2.amolelight
It's good and easy to user from any branch. I say Continue ahead,5,2023-05-10,Dashen,Google Play,com.cr2.amolelight
ፈጣን እና ምርጥ ባንክ ነው mobile banking ደሞ በታም ኣሪፍ አና ተሎ የሚደርስ ከሌላ bank የተለየ ነው ቀጥሉበት ፡፡ እናመሰግናለን,5,2023-05-05,Dashen,Google Play,com.cr2.amolelight
This app is not expected from a bank that says they are pioneer in adapting technology.its user interface is worst than other bank its not intuitive at all .it needs lots of work,3,2023-04-28,Dashen,Google Play,com.cr2.amolelight
Best Application,5,2023-04-08,Dashen,Google Play,com.cr2.amolelight
ለ ንግድ ስራ yamehon 6 war yamemalsew tenshe bedr eflgalhu,4,2023-03-29,Dashen,Google Play,com.cr2.amolelight
