review_text,rating,review_date,bank,source,app_package,clean_text,sentiment_label,sentiment_score,theme,category
🙏👍,5,2025-11-29,BOA,Google Play,com.boa.boaMobileBanking,,POSITIVE,0.7481208443641663,Other,Other
Very Good,5,2025-11-28,BOA,Google Play,com.boa.boaMobileBanking,very good,POSITIVE,0.9998520612716676,Other,Other
goof,5,2025-11-28,BOA,Google Play,com.boa.boaMobileBanking,goof,NEGATIVE,0.9975278973579408,Other,Other
good!,5,2025-11-28,BOA,Google Play,com.boa.boaMobileBanking,good,POSITIVE,0.999816119670868,Other,Other
good jop,5,2025-11-27,BOA,Google Play,com.boa.boaMobileBanking,good jop,POSITIVE,0.9998409748077391,Other,Other
bad exprience...it is so crushed,1,2025-11-27,BOA,Google Play,com.boa.boaMobileBanking,bad exprience it is so crushed,NEGATIVE,0.9997389912605286,Other,Other
not user friendly at all it requires a huge connectivity and also lags many times 😑😑😑,1,2025-11-26,BOA,Google Play,com.boa.boaMobileBanking,not user friendly at all it requires a huge connectivity and also lags many times,NEGATIVE,0.9997567534446716,Performance,Other
ምንም የማይ ሰራ,1,2025-11-26,BOA,Google Play,com.boa.boaMobileBanking,,POSITIVE,0.7481208443641663,Other,Other
very good,5,2025-11-25,BOA,Google Play,com.boa.boaMobileBanking,very good,POSITIVE,0.9998520612716676,Other,Other
most of the time is not working properly,1,2025-11-25,BOA,Google Play,com.boa.boaMobileBanking,most of the time is not working properly,NEGATIVE,0.9997636675834656,Other,Other
good service,5,2025-11-24,BOA,Google Play,com.boa.boaMobileBanking,good service,POSITIVE,0.9998499155044556,Support,Other
not use for me,3,2025-11-23,BOA,Google Play,com.boa.boaMobileBanking,not use for me,NEGATIVE,0.9953739047050476,Other,Other
It keeps notifying me to disable developer options and quiet while I'm not enabled. always bring another type of problem with new updates.,1,2025-11-22,BOA,Google Play,com.boa.boaMobileBanking,it keeps notifying me to disable developer options and quiet while i m not enabled always bring another type of problem with new updates,NEGATIVE,0.9980276226997375,Features/UI,Other
waw,5,2025-11-21,BOA,Google Play,com.boa.boaMobileBanking,waw,NEGATIVE,0.7346174120903015,Other,Other
the lag is unbelievable when you need it the most this suks,1,2025-11-19,BOA,Google Play,com.boa.boaMobileBanking,the lag is unbelievable when you need it the most this suks,NEGATIVE,0.9983174800872804,Performance,Other
I cant belive I could find the worst bank app ever .yet very simple to fix the problem and the company just ignored it. no body can do business with this kind of app.,1,2025-11-18,BOA,Google Play,com.boa.boaMobileBanking,i cant belive i could find the worst bank app ever yet very simple to fix the problem and the company just ignored it no body can do business with this kind of app,NEGATIVE,0.9996908903121948,Other,Other
it is a good app,5,2025-11-18,BOA,Google Play,com.boa.boaMobileBanking,it is a good app,POSITIVE,0.9998643398284912,Other,Other
it is not working at all,1,2025-11-15,BOA,Google Play,com.boa.boaMobileBanking,it is not working at all,NEGATIVE,0.9997811913490297,Other,Other
🥰🥰🥰🥰🥰 app is good but i was live in abroad and when i enter my otp code it didnt make me to write my code it the app want it self write thats not fair so please other wise i like it why,5,2025-11-15,BOA,Google Play,com.boa.boaMobileBanking,app is good but i was live in abroad and when i enter my otp code it didnt make me to write my code it the app want it self write thats not fair so please other wise i like it why,POSITIVE,0.862492024898529,Login/Access,Other
when trying to activate the app it keeps on loading on the security questions page. It has been two days,1,2025-11-13,BOA,Google Play,com.boa.boaMobileBanking,when trying to activate the app it keeps on loading on the security questions page it has been two days,NEGATIVE,0.9963461756706238,Performance,Other
fast and simple,5,2025-11-11,BOA,Google Play,com.boa.boaMobileBanking,fast and simple,POSITIVE,0.9997392296791076,Other,Other
best of best,5,2025-11-10,BOA,Google Play,com.boa.boaMobileBanking,best of best,POSITIVE,0.9997496008872986,Other,Other
Worest Banking App Ever I seen. Fake App Bad Better to Leave,1,2025-11-10,BOA,Google Play,com.boa.boaMobileBanking,worest banking app ever i seen fake app bad better to leave,NEGATIVE,0.9986771941184998,Other,Other
good,4,2025-11-10,BOA,Google Play,com.boa.boaMobileBanking,good,POSITIVE,0.999816119670868,Other,Other
"I would like to share feedback regarding the application. It frequently experiences disruptions and does not function properly, often freezing or failing to load. This issue is affecting workflow and efficiency. Kindly review and address this problem to ensure smoother performance.",1,2025-11-08,BOA,Google Play,com.boa.boaMobileBanking,i would like to share feedback regarding the application it frequently experiences disruptions and does not function properly often freezing or failing to load this issue is affecting workflow and efficiency kindly review and address this problem to ensure smoother performance,NEGATIVE,0.998780071735382,Other,Other
Meet you genuine.App I tried is not functional.Helping.welldoingwith BOA Ethiopia .fastandrelevant.morconnecting Digitalyworld.Digitalyworld. thanks.,5,2025-11-08,BOA,Google Play,com.boa.boaMobileBanking,meet you genuine app i tried is not functional helping welldoingwith boa ethiopia fastandrelevant morconnecting digitalyworld digitalyworld thanks,NEGATIVE,0.936303734779358,Features/UI,Other
best app,5,2025-11-08,BOA,Google Play,com.boa.boaMobileBanking,best app,POSITIVE,0.999686598777771,Other,Other
Best app,5,2025-11-07,BOA,Google Play,com.boa.boaMobileBanking,best app,POSITIVE,0.999686598777771,Other,Other
"Barely works, it always fails to connect",1,2025-11-07,BOA,Google Play,com.boa.boaMobileBanking,barely works it always fails to connect,NEGATIVE,0.9988031387329102,Other,Other
my fav app,5,2025-11-07,BOA,Google Play,com.boa.boaMobileBanking,my fav app,POSITIVE,0.9846561551094056,Other,Other
this app launch time is so long also has dozen bugs in addition it's has been long time get update,1,2025-11-05,BOA,Google Play,com.boa.boaMobileBanking,this app launch time is so long also has dozen bugs in addition it s has been long time get update,NEGATIVE,0.9979791045188904,Crashes/Bugs,Other
very nice,5,2025-11-04,BOA,Google Play,com.boa.boaMobileBanking,very nice,POSITIVE,0.9998563528060912,Other,Other
"Your application is very irritating to use, some functionality doesn't even work like on the card management. You need to do better than this and it good idea to reference other banking applications.",3,2025-11-04,BOA,Google Play,com.boa.boaMobileBanking,your application is very irritating to use some functionality doesn t even work like on the card management you need to do better than this and it good idea to reference other banking applications,NEGATIVE,0.9971778392791748,Other,Other
I like,5,2025-11-02,BOA,Google Play,com.boa.boaMobileBanking,i like,POSITIVE,0.9998149275779724,Other,Other
ወይ አሻሽሉትና እንጠቀምበት ያለያ ብታጠፉት ይሻላል። በቃ ምንም ነገር አይሰራም መተግበሪያ አለን ብላችሁ እንዳታወሩ ለማንም የማይመከር ቀርፋፋና ተግባር የለሽ መተግበሪያ,1,2025-11-01,BOA,Google Play,com.boa.boaMobileBanking,,POSITIVE,0.7481208443641663,Other,Other
i m sorry but it doesn't work for my android it is too slow but other bank are very fast please update,1,2025-10-30,BOA,Google Play,com.boa.boaMobileBanking,i m sorry but it doesn t work for my android it is too slow but other bank are very fast please update,NEGATIVE,0.7571700811386108,Performance,Other
"the worst app ever,",1,2025-10-30,BOA,Google Play,com.boa.boaMobileBanking,the worst app ever,NEGATIVE,0.9997934699058532,Other,Other
better,5,2025-10-29,BOA,Google Play,com.boa.boaMobileBanking,better,POSITIVE,0.999264657497406,Other,Other
"I kindly request that Bank of abyssinia address issues with its mobile app. It is very slow, has numerous problems, and frequently experiences downtime. The user experience is also poor. Thank you.",1,2025-10-28,BOA,Google Play,com.boa.boaMobileBanking,i kindly request that bank of abyssinia address issues with its mobile app it is very slow has numerous problems and frequently experiences downtime the user experience is also poor thank you,NEGATIVE,0.999326467514038,Performance,Other
this app can't open? what is problem? please solve my problem?,1,2025-10-27,BOA,Google Play,com.boa.boaMobileBanking,this app can t open what is problem please solve my problem,NEGATIVE,0.9992958307266236,Other,Other
kiyaa makonn,5,2025-10-27,BOA,Google Play,com.boa.boaMobileBanking,kiyaa makonn,POSITIVE,0.7175910472869873,Other,Other
very very lazy app,1,2025-10-26,BOA,Google Play,com.boa.boaMobileBanking,very very lazy app,NEGATIVE,0.9996856451034546,Other,Other
telebirr remittance,5,2025-10-24,BOA,Google Play,com.boa.boaMobileBanking,telebirr remittance,NEGATIVE,0.9799609780311584,Other,Other
The best bank in 🇪🇹,5,2025-10-23,BOA,Google Play,com.boa.boaMobileBanking,the best bank in,POSITIVE,0.9998539686203004,Other,Other
its good,5,2025-10-22,BOA,Google Play,com.boa.boaMobileBanking,its good,POSITIVE,0.9998385906219482,Other,Other
the worst app in my financial experience.,1,2025-10-22,BOA,Google Play,com.boa.boaMobileBanking,the worst app in my financial experience,NEGATIVE,0.9997979998588562,Other,Other
good for mb appliciation,5,2025-10-21,BOA,Google Play,com.boa.boaMobileBanking,good for mb appliciation,POSITIVE,0.9943337440490724,Other,Other
the worst bank ever. slow don't accept dual sim. they are very stupid and greedy,1,2025-10-20,BOA,Google Play,com.boa.boaMobileBanking,the worst bank ever slow don t accept dual sim they are very stupid and greedy,NEGATIVE,0.999461829662323,Performance,Other
try to easy network,4,2025-10-17,BOA,Google Play,com.boa.boaMobileBanking,try to easy network,NEGATIVE,0.9987332224845886,Other,Other
hussen hassen umer,5,2025-10-16,BOA,Google Play,com.boa.boaMobileBanking,hussen hassen umer,POSITIVE,0.8681218028068542,Other,Other
"The app is not suitable and lacks a good UI design. As a large bank, you must update your app with a professional UI that is fast and appropriate.",2,2025-10-16,BOA,Google Play,com.boa.boaMobileBanking,the app is not suitable and lacks a good ui design as a large bank you must update your app with a professional ui that is fast and appropriate,NEGATIVE,0.9970928430557252,Features/UI,Other
an exceptional banking app.,5,2025-10-16,BOA,Google Play,com.boa.boaMobileBanking,an exceptional banking app,POSITIVE,0.9997128844261168,Other,Other
alhamdulilah,5,2025-10-11,BOA,Google Play,com.boa.boaMobileBanking,alhamdulilah,POSITIVE,0.8558264374732971,Other,Other
poor,5,2025-10-11,BOA,Google Play,com.boa.boaMobileBanking,poor,NEGATIVE,0.9997912049293518,Other,Other
Best of best,5,2025-10-09,BOA,Google Play,com.boa.boaMobileBanking,best of best,POSITIVE,0.9997496008872986,Other,Other
from the last week updates the app is not working Please check the problems,1,2025-10-08,BOA,Google Play,com.boa.boaMobileBanking,from the last week updates the app is not working please check the problems,NEGATIVE,0.9996919631958008,Other,Other
It's always crushing,1,2025-10-08,BOA,Google Play,com.boa.boaMobileBanking,it s always crushing,NEGATIVE,0.9994115829467772,Other,Other
office branches have to improve their services please,4,2025-10-07,BOA,Google Play,com.boa.boaMobileBanking,office branches have to improve their services please,POSITIVE,0.6649664640426636,Support,Other
♥️♥️,5,2025-10-05,BOA,Google Play,com.boa.boaMobileBanking,,POSITIVE,0.7481208443641663,Other,Other
Why does it keep crashing? I can't even use this. BOA should do better. You have many customers and how to deal with this. I can't send money now.,1,2025-10-05,BOA,Google Play,com.boa.boaMobileBanking,why does it keep crashing i can t even use this boa should do better you have many customers and how to deal with this i can t send money now,NEGATIVE,0.9994539618492126,Crashes/Bugs,Other
it needs a timely update,5,2025-10-03,BOA,Google Play,com.boa.boaMobileBanking,it needs a timely update,NEGATIVE,0.9983032941818236,Other,Other
"It does not show the name of the person who sent the money to request a receipt. This has become very difficult for us. When different people transfer the same amount to me from different banks, it is very difficult to identify the account or the name of the sender.",3,2025-10-01,BOA,Google Play,com.boa.boaMobileBanking,it does not show the name of the person who sent the money to request a receipt this has become very difficult for us when different people transfer the same amount to me from different banks it is very difficult to identify the account or the name of the sender,NEGATIVE,0.999756395816803,Other,Other
Like,5,2025-10-01,BOA,Google Play,com.boa.boaMobileBanking,like,POSITIVE,0.9910564422607422,Other,Other
I can't type my otp on it.,1,2025-10-01,BOA,Google Play,com.boa.boaMobileBanking,i can t type my otp on it,NEGATIVE,0.9987860321998596,Login/Access,Other
"most of bank apps in Ethiopia are linked with ethiopian phone number, I live in US permanently so when I open BoA account, I told them where I live and to link it with email address instead of phone # as ethio phone number is not working where I live, unfortunetly my fear appeared and now when I change my phone device, it send the code to the ethio number which is not with me now. so please when u develop bank apps consider the diaspora community to use ur apps",1,2025-10-01,BOA,Google Play,com.boa.boaMobileBanking,most of bank apps in ethiopia are linked with ethiopian phone number i live in us permanently so when i open boa account i told them where i live and to link it with email address instead of phone as ethio phone number is not working where i live unfortunetly my fear appeared and now when i change my phone device it send the code to the ethio number which is not with me now so please when u develop bank apps consider the diaspora community to use ur apps,NEGATIVE,0.9958017468452454,Other,Other
jaajja,4,2025-09-30,BOA,Google Play,com.boa.boaMobileBanking,jaajja,NEGATIVE,0.9872855544090272,Other,Other
I love this bank the best experience ever.,5,2025-09-28,BOA,Google Play,com.boa.boaMobileBanking,i love this bank the best experience ever,POSITIVE,0.9998600482940674,Other,Other
"Nothing has been improved, it doesn't work like the previous version.",1,2025-09-25,BOA,Google Play,com.boa.boaMobileBanking,nothing has been improved it doesn t work like the previous version,NEGATIVE,0.9996967315673828,Other,Other
easy and fast,5,2025-09-24,BOA,Google Play,com.boa.boaMobileBanking,easy and fast,POSITIVE,0.9995583891868592,Other,Other
Great,5,2025-09-20,BOA,Google Play,com.boa.boaMobileBanking,great,POSITIVE,0.9998630285263062,Other,Other
mobile banking,5,2025-09-19,BOA,Google Play,com.boa.boaMobileBanking,mobile banking,POSITIVE,0.9076533913612366,Other,Other
😎,5,2025-09-17,BOA,Google Play,com.boa.boaMobileBanking,,POSITIVE,0.7481208443641663,Other,Other
"need alot of connection, chooses device, very lug even when there is connection",1,2025-09-17,BOA,Google Play,com.boa.boaMobileBanking,need alot of connection chooses device very lug even when there is connection,NEGATIVE,0.9939447045326232,Other,Other
On my ios it's perfect but on android it barley works and don't transfer and after a while it crushed and totally stopped working. Please fix the issue my beloved bank of abyssinia.,1,2025-09-15,BOA,Google Play,com.boa.boaMobileBanking,on my ios it s perfect but on android it barley works and don t transfer and after a while it crushed and totally stopped working please fix the issue my beloved bank of abyssinia,NEGATIVE,0.9937937259674072,Other,Other
since the last update i can open the app crashes a lot and omg its being very slow opening and loading,2,2025-09-15,BOA,Google Play,com.boa.boaMobileBanking,since the last update i can open the app crashes a lot and omg its being very slow opening and loading,NEGATIVE,0.999541401863098,Performance,Other
none,5,2025-09-14,BOA,Google Play,com.boa.boaMobileBanking,none,NEGATIVE,0.985345721244812,Other,Other
very good app i ever used,5,2025-09-12,BOA,Google Play,com.boa.boaMobileBanking,very good app i ever used,POSITIVE,0.9998385906219482,Other,Other
its nice app especially the transaction limit is extended but We face that BoA m.banking app doesn't respond at the activation stage strictly at SMSNG mobile phone. please try this to make safe.,4,2025-09-11,BOA,Google Play,com.boa.boaMobileBanking,its nice app especially the transaction limit is extended but we face that boa m banking app doesn t respond at the activation stage strictly at smsng mobile phone please try this to make safe,NEGATIVE,0.9986186027526855,Other,Other
zedo,5,2025-09-10,BOA,Google Play,com.boa.boaMobileBanking,zedo,POSITIVE,0.994045615196228,Other,Other
please open my mobile app,5,2025-09-10,BOA,Google Play,com.boa.boaMobileBanking,please open my mobile app,POSITIVE,0.9873003363609314,Other,Other
it doesn't open,1,2025-09-10,BOA,Google Play,com.boa.boaMobileBanking,it doesn t open,NEGATIVE,0.9997475743293762,Other,Other
masha alla,5,2025-09-07,BOA,Google Play,com.boa.boaMobileBanking,masha alla,NEGATIVE,0.9514628052711488,Other,Other
Best banking transaction application in Ethiopia !,5,2025-09-05,BOA,Google Play,com.boa.boaMobileBanking,best banking transaction application in ethiopia,POSITIVE,0.9995935559272766,Other,Other
السلام عليكم ورحمة الله وبركاته ماشاء الله تبارك الرحمن هذا التطبيق ممتاز جدا,5,2025-09-04,BOA,Google Play,com.boa.boaMobileBanking,,POSITIVE,0.7481208443641663,Other,Other
tamaam kamal,1,2025-09-03,BOA,Google Play,com.boa.boaMobileBanking,tamaam kamal,POSITIVE,0.991887390613556,Other,Other
በጣም ሐሪፍ,5,2025-09-03,BOA,Google Play,com.boa.boaMobileBanking,,POSITIVE,0.7481208443641663,Other,Other
great 👍,5,2025-09-02,BOA,Google Play,com.boa.boaMobileBanking,great,POSITIVE,0.9998630285263062,Other,Other
absiniya banki,5,2025-08-29,BOA,Google Play,com.boa.boaMobileBanking,absiniya banki,NEGATIVE,0.90830397605896,Other,Other
has issue after installation and i think it doesn't work with tecno common 30,1,2025-08-26,BOA,Google Play,com.boa.boaMobileBanking,has issue after installation and i think it doesn t work with tecno common 30,NEGATIVE,0.9996806383132936,Other,Other
One of the best in this business,5,2025-08-25,BOA,Google Play,com.boa.boaMobileBanking,one of the best in this business,POSITIVE,0.999869465827942,Other,Other
Excellent,5,2025-08-20,BOA,Google Play,com.boa.boaMobileBanking,excellent,POSITIVE,0.9998434782028198,Other,Other
besat🥰,5,2025-08-19,BOA,Google Play,com.boa.boaMobileBanking,besat,POSITIVE,0.9642728567123412,Other,Other
unlimited experience,5,2025-08-18,BOA,Google Play,com.boa.boaMobileBanking,unlimited experience,POSITIVE,0.9997161030769348,Other,Other
"as bank, u should at least hire someone good at their job bc this a joke nowadays I can't even log in or even transfer without it crashing if u fix the app I will update this review I am counting on u boa update: so they atleast fixed it but as suggestion can u put password when in final step of sending money it will feel more secure that way",4,2025-08-17,BOA,Google Play,com.boa.boaMobileBanking,as bank u should at least hire someone good at their job bc this a joke nowadays i can t even log in or even transfer without it crashing if u fix the app i will update this review i am counting on u boa update so they atleast fixed it but as suggestion can u put password when in final step of sending money it will feel more secure that way,NEGATIVE,0.9991047978401184,Login/Access,Other
very nice mobile banking app my favourite,5,2025-08-16,BOA,Google Play,com.boa.boaMobileBanking,very nice mobile banking app my favourite,POSITIVE,0.9997608065605164,Other,Other
"it almost never boots up!!! and even if it did, it crashes immediately",1,2025-08-15,BOA,Google Play,com.boa.boaMobileBanking,it almost never boots up and even if it did it crashes immediately,NEGATIVE,0.9995937943458556,Crashes/Bugs,Other
best apps,5,2025-08-15,BOA,Google Play,com.boa.boaMobileBanking,best apps,POSITIVE,0.999784529209137,Other,Other
the worst app ever to exist in a bank history,1,2025-08-15,BOA,Google Play,com.boa.boaMobileBanking,the worst app ever to exist in a bank history,NEGATIVE,0.9997841715812684,Other,Other
thank you,5,2025-08-14,BOA,Google Play,com.boa.boaMobileBanking,thank you,POSITIVE,0.9998352527618408,Other,Other
Best mobile app in the country,5,2025-08-14,BOA,Google Play,com.boa.boaMobileBanking,best mobile app in the country,POSITIVE,0.999710738658905,Other,Other
not fast,2,2025-08-12,BOA,Google Play,com.boa.boaMobileBanking,not fast,NEGATIVE,0.9949790835380554,Other,Other
keeps freezing at the front page.,1,2025-08-10,BOA,Google Play,com.boa.boaMobileBanking,keeps freezing at the front page,NEGATIVE,0.9969666600227356,Other,Other
it is not working on redminote 11 pro+ pls fix it,1,2025-08-08,BOA,Google Play,com.boa.boaMobileBanking,it is not working on redminote 11 pro pls fix it,NEGATIVE,0.9997032284736632,Other,Other
abseniya bank app,5,2025-08-08,BOA,Google Play,com.boa.boaMobileBanking,abseniya bank app,NEGATIVE,0.6962248682975769,Other,Other
yes goode app,5,2025-08-03,BOA,Google Play,com.boa.boaMobileBanking,yes goode app,POSITIVE,0.9997490048408508,Other,Other
Great App,5,2025-08-02,BOA,Google Play,com.boa.boaMobileBanking,great app,POSITIVE,0.999821126461029,Other,Other
1) Crashes repeatedly 2) Takes Century to Boot 3) Repeatedly requires Update which is very annoying. 4) It doesn't ask for Password for one step confirmation when transferring money. 5) Automatically stops music when the app is launched (it doesn't really matter just fyi) Overall this have to be the worst mobile banking app I have tried so far and should not be released with all these bugs & issues.,1,2025-08-02,BOA,Google Play,com.boa.boaMobileBanking,1 crashes repeatedly 2 takes century to boot 3 repeatedly requires update which is very annoying 4 it doesn t ask for password for one step confirmation when transferring money 5 automatically stops music when the app is launched it doesn t really matter just fyi overall this have to be the worst mobile banking app i have tried so far and should not be released with all these bugs issues,NEGATIVE,0.9997629523277284,Login/Access,Other
ረጀብነሱ,1,2025-07-31,BOA,Google Play,com.boa.boaMobileBanking,,POSITIVE,0.7481208443641663,Other,Other
The Worst Mobile Banking App.,1,2025-07-31,BOA,Google Play,com.boa.boaMobileBanking,the worst mobile banking app,NEGATIVE,0.9997923970222472,Other,Other
giod,5,2025-07-30,BOA,Google Play,com.boa.boaMobileBanking,giod,POSITIVE,0.9893913269042968,Other,Other
best bank in ethiopia,5,2025-07-29,BOA,Google Play,com.boa.boaMobileBanking,best bank in ethiopia,POSITIVE,0.999733030796051,Other,Other
waqayyoo,5,2025-07-28,BOA,Google Play,com.boa.boaMobileBanking,waqayyoo,POSITIVE,0.5036860704421997,Other,Other
please is not working,2,2025-07-27,BOA,Google Play,com.boa.boaMobileBanking,please is not working,NEGATIVE,0.9997643828392028,Other,Other
nothing when I need to install the Apk it say that re-up date,5,2025-07-25,BOA,Google Play,com.boa.boaMobileBanking,nothing when i need to install the apk it say that re up date,NEGATIVE,0.998229444026947,Other,Other
I can log in from any where,5,2025-07-23,BOA,Google Play,com.boa.boaMobileBanking,i can log in from any where,NEGATIVE,0.9497753977775574,Other,Other
😇,3,2025-07-20,BOA,Google Play,com.boa.boaMobileBanking,,POSITIVE,0.7481208443641663,Other,Other
no proplem,5,2025-07-20,BOA,Google Play,com.boa.boaMobileBanking,no proplem,NEGATIVE,0.991222620010376,Other,Other
👍👍👍,5,2025-07-19,BOA,Google Play,com.boa.boaMobileBanking,,POSITIVE,0.7481208443641663,Other,Other
excellent app,5,2025-07-18,BOA,Google Play,com.boa.boaMobileBanking,excellent app,POSITIVE,0.9998356103897096,Other,Other
good work,5,2025-07-15,BOA,Google Play,com.boa.boaMobileBanking,good work,POSITIVE,0.999841332435608,Other,Other
☹️,5,2025-07-15,BOA,Google Play,com.boa.boaMobileBanking,,POSITIVE,0.7481208443641663,Other,Other
excellent,5,2025-07-14,BOA,Google Play,com.boa.boaMobileBanking,excellent,POSITIVE,0.9998434782028198,Other,Other
Great BoA,5,2025-07-14,BOA,Google Play,com.boa.boaMobileBanking,great boa,POSITIVE,0.9992689490318298,Other,Other
Good,5,2025-07-14,BOA,Google Play,com.boa.boaMobileBanking,good,POSITIVE,0.999816119670868,Other,Other
Okay,4,2025-07-13,BOA,Google Play,com.boa.boaMobileBanking,okay,POSITIVE,0.9997709393501282,Other,Other
not working,1,2025-07-12,BOA,Google Play,com.boa.boaMobileBanking,not working,NEGATIVE,0.999777853488922,Other,Other
This App is Getting worse and worse with every update,2,2025-07-11,BOA,Google Play,com.boa.boaMobileBanking,this app is getting worse and worse with every update,NEGATIVE,0.999568521976471,Other,Other
ምርጥ ነው,1,2025-07-10,BOA,Google Play,com.boa.boaMobileBanking,,POSITIVE,0.7481208443641663,Other,Other
nice,5,2025-07-10,BOA,Google Play,com.boa.boaMobileBanking,nice,POSITIVE,0.9998552799224854,Other,Other
meku,5,2025-07-07,BOA,Google Play,com.boa.boaMobileBanking,meku,POSITIVE,0.942174792289734,Other,Other
awasome app go a head,5,2025-07-04,BOA,Google Play,com.boa.boaMobileBanking,awasome app go a head,NEGATIVE,0.998092234134674,Other,Other
it sucks as hell. it crashes most of the time and takes a long time to load .,1,2025-07-03,BOA,Google Play,com.boa.boaMobileBanking,it sucks as hell it crashes most of the time and takes a long time to load,NEGATIVE,0.999491572380066,Crashes/Bugs,Other
"The App is nice and easy to use but after some time it crushed and said ""Error check your device connectivity"" please fix it",3,2025-07-02,BOA,Google Play,com.boa.boaMobileBanking,the app is nice and easy to use but after some time it crushed and said error check your device connectivity please fix it,NEGATIVE,0.9972335696220398,Crashes/Bugs,Other
Easy and very nice app to load more than the previouse but in recent time some loading problem detected.,5,2025-07-01,BOA,Google Play,com.boa.boaMobileBanking,easy and very nice app to load more than the previouse but in recent time some loading problem detected,NEGATIVE,0.982412040233612,Performance,Other
wow,5,2025-07-01,BOA,Google Play,com.boa.boaMobileBanking,wow,POSITIVE,0.999592125415802,Other,Other
"The worst MBA I have experienced, The app crush frequently and they take to long to fix the problem even more than a week.",1,2025-06-27,BOA,Google Play,com.boa.boaMobileBanking,the worst mba i have experienced the app crush frequently and they take to long to fix the problem even more than a week,NEGATIVE,0.9997664093971252,Other,Other
amazing Banks App👌👌,3,2025-06-25,BOA,Google Play,com.boa.boaMobileBanking,amazing banks app,POSITIVE,0.9998069405555724,Other,Other
good App fore me,5,2025-06-25,BOA,Google Play,com.boa.boaMobileBanking,good app fore me,POSITIVE,0.9998444318771362,Other,Other
"very uninterested it's not working when the ""developer mode on"" i haven't off the developer options i preferred to uninstall your app .....",1,2025-06-24,BOA,Google Play,com.boa.boaMobileBanking,very uninterested it s not working when the developer mode on i haven t off the developer options i preferred to uninstall your app,NEGATIVE,0.9994909763336182,Other,Other
fantastic,5,2025-06-22,BOA,Google Play,com.boa.boaMobileBanking,fantastic,POSITIVE,0.9998743534088136,Other,Other
👍,4,2025-06-21,BOA,Google Play,com.boa.boaMobileBanking,,POSITIVE,0.7481208443641663,Other,Other
it's nice to use.,5,2025-06-21,BOA,Google Play,com.boa.boaMobileBanking,it s nice to use,POSITIVE,0.9998000264167786,Other,Other
app doesn't start,1,2025-06-21,BOA,Google Play,com.boa.boaMobileBanking,app doesn t start,NEGATIVE,0.9962354302406312,Other,Other
Excellent application,5,2025-06-18,BOA,Google Play,com.boa.boaMobileBanking,excellent application,POSITIVE,0.9998571872711182,Other,Other
its very bad app its very slow,1,2025-06-17,BOA,Google Play,com.boa.boaMobileBanking,its very bad app its very slow,NEGATIVE,0.9998086094856262,Performance,Other
ብዙዬ ሺዋየ በለጠ,1,2025-06-15,BOA,Google Play,com.boa.boaMobileBanking,,POSITIVE,0.7481208443641663,Other,Other
Good job!,5,2025-06-13,BOA,Google Play,com.boa.boaMobileBanking,good job,POSITIVE,0.999835729598999,Other,Other
best financial app.,5,2025-06-12,BOA,Google Play,com.boa.boaMobileBanking,best financial app,POSITIVE,0.9997140765190125,Other,Other
ቆንጆ ነው በርቱ,5,2025-06-11,BOA,Google Play,com.boa.boaMobileBanking,,POSITIVE,0.7481208443641663,Other,Other
the worst app humans ever created,1,2025-06-09,BOA,Google Play,com.boa.boaMobileBanking,the worst app humans ever created,NEGATIVE,0.9998008608818054,Other,Other
it's not working,3,2025-06-05,BOA,Google Play,com.boa.boaMobileBanking,it s not working,NEGATIVE,0.9997804760932922,Other,Other
"Hello, I’m facing a problem with the BOA Mobile app. Every time I enter my phone number and password, the app crashes and shows an error that says “BoaMobile closed because this app has a bug.” I tried updating, reinstalling, and clearing cache, but nothing worked. Please fix this bug in the next update. I really need access to my account. Thank you.",1,2025-06-03,BOA,Google Play,com.boa.boaMobileBanking,hello i m facing a problem with the boa mobile app every time i enter my phone number and password the app crashes and shows an error that says boamobile closed because this app has a bug i tried updating reinstalling and clearing cache but nothing worked please fix this bug in the next update i really need access to my account thank you,NEGATIVE,0.999583899974823,Login/Access,Other
exceptional,5,2025-06-03,BOA,Google Play,com.boa.boaMobileBanking,exceptional,POSITIVE,0.9998514652252196,Other,Other
BoA Mobile good bank,5,2025-06-02,BOA,Google Play,com.boa.boaMobileBanking,boa mobile good bank,POSITIVE,0.9984728693962096,Other,Other
this is worest app 24/7 loading,1,2025-06-01,BOA,Google Play,com.boa.boaMobileBanking,this is worest app 24 7 loading,NEGATIVE,0.988443911075592,Performance,Other
BoA system is confartable,5,2025-05-31,BOA,Google Play,com.boa.boaMobileBanking,boa system is confartable,NEGATIVE,0.9980142116546632,Other,Other
"this app, for me , is a waste of time. It doesn't work . I can't even long in, and it really piss me off. FIX THE PROBLEM",1,2025-05-27,BOA,Google Play,com.boa.boaMobileBanking,this app for me is a waste of time it doesn t work i can t even long in and it really piss me off fix the problem,NEGATIVE,0.9997466206550598,Other,Other
Good service.,3,2025-05-25,BOA,Google Play,com.boa.boaMobileBanking,good service,POSITIVE,0.9998499155044556,Support,Other
the app crush frequently,1,2025-05-24,BOA,Google Play,com.boa.boaMobileBanking,the app crush frequently,NEGATIVE,0.998525083065033,Other,Other
You guys keeps getting worst,1,2025-05-22,BOA,Google Play,com.boa.boaMobileBanking,you guys keeps getting worst,NEGATIVE,0.9997075200080872,Other,Other
"This app is a joke. It crashes more than it works, takes forever to load, and half the features are just decorative at this point. Can’t log in, can’t transfer money, can’t even check my balance without it bugging out. To the developer: Are you actually trying to make this work, or is this some kind of social experiment to test our patience? Did you build this in your sleep? Because it definitely looks like it. If this is your idea of a functional app, maybe consider a different career path🙏",1,2025-05-21,BOA,Google Play,com.boa.boaMobileBanking,this app is a joke it crashes more than it works takes forever to load and half the features are just decorative at this point can t log in can t transfer money can t even check my balance without it bugging out to the developer are you actually trying to make this work or is this some kind of social experiment to test our patience did you build this in your sleep because it definitely looks like it if this is your idea of a functional app maybe consider a different career path,NEGATIVE,0.9993641972541808,Crashes/Bugs,Other
BoA,2,2025-05-20,BOA,Google Play,com.boa.boaMobileBanking,boa,NEGATIVE,0.74105304479599,Other,Other
but not opening on android,4,2025-05-19,BOA,Google Play,com.boa.boaMobileBanking,but not opening on android,NEGATIVE,0.9952228665351868,Other,Other
Worst App ever. Totally unreliable. And it didn't work at all for the last 4 months.,1,2025-05-18,BOA,Google Play,com.boa.boaMobileBanking,worst app ever totally unreliable and it didn t work at all for the last 4 months,NEGATIVE,0.9997885823249816,Other,Other
amazing,5,2025-05-18,BOA,Google Play,com.boa.boaMobileBanking,amazing,POSITIVE,0.999875545501709,Other,Other
"this app does no work on Samsung a51, it just gives a preview of the logo",1,2025-05-11,BOA,Google Play,com.boa.boaMobileBanking,this app does no work on samsung a51 it just gives a preview of the logo,NEGATIVE,0.9986897110939026,Other,Other
"i entered incorrect security question by mistake boa app lock pin forever, why is there no other options? ?? i contacted different branchs more then 4times but they didn't able to solve this issue .",5,2025-05-10,BOA,Google Play,com.boa.boaMobileBanking,i entered incorrect security question by mistake boa app lock pin forever why is there no other options i contacted different branchs more then 4times but they didn t able to solve this issue,NEGATIVE,0.999492049217224,Other,Other
liking this application good 👍,5,2025-05-07,BOA,Google Play,com.boa.boaMobileBanking,liking this application good,POSITIVE,0.9998306035995485,Other,Other
"This app future is good, but there is problems with apps to reset and activate it, which is difficult even to the branch staffs, and it takes too long times to active at the branch plus most of the time high expected failure of activation after process at the counter and OTP sent not work",1,2025-05-06,BOA,Google Play,com.boa.boaMobileBanking,this app future is good but there is problems with apps to reset and activate it which is difficult even to the branch staffs and it takes too long times to active at the branch plus most of the time high expected failure of activation after process at the counter and otp sent not work,NEGATIVE,0.9989217519760132,Login/Access,Other
it's really good 👍,5,2025-04-23,BOA,Google Play,com.boa.boaMobileBanking,it s really good,POSITIVE,0.9998506307601928,Other,Other
Bad app . it stuck when you open and noting WORKS.,1,2025-04-23,BOA,Google Play,com.boa.boaMobileBanking,bad app it stuck when you open and noting works,NEGATIVE,0.9992716908454896,Other,Other
"the app isn't working after it asked me the password it starts loading, but it doesn't open",3,2025-04-20,BOA,Google Play,com.boa.boaMobileBanking,the app isn t working after it asked me the password it starts loading but it doesn t open,NEGATIVE,0.9996836185455322,Performance,Other
Best,2,2025-04-19,BOA,Google Play,com.boa.boaMobileBanking,best,POSITIVE,0.9997941851615906,Other,Other
It keeps showing this pop up to turn off developer options even tho it's off! I had to turn on and then off to make it work! This is a horrible experience and needs a fix asap! Plus kinda slow.,1,2025-04-19,BOA,Google Play,com.boa.boaMobileBanking,it keeps showing this pop up to turn off developer options even tho it s off i had to turn on and then off to make it work this is a horrible experience and needs a fix asap plus kinda slow,NEGATIVE,0.9996570348739624,Performance,Other
yideg,1,2025-04-17,BOA,Google Play,com.boa.boaMobileBanking,yideg,NEGATIVE,0.767581045627594,Other,Other
great boa,5,2025-04-10,BOA,Google Play,com.boa.boaMobileBanking,great boa,POSITIVE,0.9992689490318298,Other,Other
boa of mobile backing,5,2025-04-09,BOA,Google Play,com.boa.boaMobileBanking,boa of mobile backing,NEGATIVE,0.980626106262207,Other,Other
faster bank of Abissinya,5,2025-04-08,BOA,Google Play,com.boa.boaMobileBanking,faster bank of abissinya,POSITIVE,0.9722142815589904,Other,Other
i would have given it a lower if it was possible because it crush so much and it take the bank so long to fix the bug,1,2025-04-08,BOA,Google Play,com.boa.boaMobileBanking,i would have given it a lower if it was possible because it crush so much and it take the bank so long to fix the bug,NEGATIVE,0.9996716976165771,Crashes/Bugs,Other
it just doesn't work...so frustrating,1,2025-04-07,BOA,Google Play,com.boa.boaMobileBanking,it just doesn t work so frustrating,NEGATIVE,0.5545014142990112,Other,Other
like,5,2025-04-06,BOA,Google Play,com.boa.boaMobileBanking,like,POSITIVE,0.9910564422607422,Other,Other
it's not work correctly... you must have update it,1,2025-04-06,BOA,Google Play,com.boa.boaMobileBanking,it s not work correctly you must have update it,NEGATIVE,0.9997932314872742,Other,Other
"the app gets a considerable improvements like language , QR scanner and unlimited transfers survice. but BOA Please do alot on its fastness and convenient when we login and making a transactions.",5,2025-04-04,BOA,Google Play,com.boa.boaMobileBanking,the app gets a considerable improvements like language qr scanner and unlimited transfers survice but boa please do alot on its fastness and convenient when we login and making a transactions,POSITIVE,0.9493100047111512,Login/Access,Other
after i typed in my password it says successfully logged out ...and goes back to the first page,2,2025-04-04,BOA,Google Play,com.boa.boaMobileBanking,after i typed in my password it says successfully logged out and goes back to the first page,NEGATIVE,0.9583274126052856,Login/Access,Other
good but they don't update enough don't add new things,3,2025-04-04,BOA,Google Play,com.boa.boaMobileBanking,good but they don t update enough don t add new things,NEGATIVE,0.9732402563095092,Other,Other
it doesn't work period z slowest mobile banking ever i would rather use *815#,1,2025-03-31,BOA,Google Play,com.boa.boaMobileBanking,it doesn t work period z slowest mobile banking ever i would rather use 815,NEGATIVE,0.9973604083061218,Performance,Other
"after activated the application it not allowed to sign , automatically it is turn off In my phone, why ?",1,2025-03-31,BOA,Google Play,com.boa.boaMobileBanking,after activated the application it not allowed to sign automatically it is turn off in my phone why,NEGATIVE,0.9977079629898072,Other,Other
good application,5,2025-03-30,BOA,Google Play,com.boa.boaMobileBanking,good application,POSITIVE,0.999854564666748,Other,Other
this version is not working for me I cannot even buy card. I cannot send money,1,2025-03-30,BOA,Google Play,com.boa.boaMobileBanking,this version is not working for me i cannot even buy card i cannot send money,NEGATIVE,0.999653458595276,Other,Other
"It can't actively on initialization, it says incorrect OTP getting the exact OTP",1,2025-03-29,BOA,Google Play,com.boa.boaMobileBanking,it can t actively on initialization it says incorrect otp getting the exact otp,NEGATIVE,0.9993798732757568,Login/Access,Other
always problematic hardly works,1,2025-03-26,BOA,Google Play,com.boa.boaMobileBanking,always problematic hardly works,NEGATIVE,0.99955552816391,Other,Other
considering the fact the bank is huge this app really bad you could do better,1,2025-03-25,BOA,Google Play,com.boa.boaMobileBanking,considering the fact the bank is huge this app really bad you could do better,NEGATIVE,0.9997418522834778,Other,Other
"worst app and Bank ever u be ashamed, scammer",1,2025-03-24,BOA,Google Play,com.boa.boaMobileBanking,worst app and bank ever u be ashamed scammer,NEGATIVE,0.9997954964637756,Other,Other
great BoA,5,2025-03-22,BOA,Google Play,com.boa.boaMobileBanking,great boa,POSITIVE,0.9992689490318298,Other,Other
best,5,2025-03-21,BOA,Google Play,com.boa.boaMobileBanking,best,POSITIVE,0.9997941851615906,Other,Other
i have went to the bank so many times because i couldn't make any transaction i can only see my balance nothing else so what is the point of having mobile banking if i can't make any transaction with it please work in that,1,2025-03-21,BOA,Google Play,com.boa.boaMobileBanking,i have went to the bank so many times because i couldn t make any transaction i can only see my balance nothing else so what is the point of having mobile banking if i can t make any transaction with it please work in that,NEGATIVE,0.9989842772483826,Other,Other
there is no speed,1,2025-03-19,BOA,Google Play,com.boa.boaMobileBanking,there is no speed,NEGATIVE,0.9994422793388368,Other,Other
"For anyone who wants to download it, just don't!!!",1,2025-03-19,BOA,Google Play,com.boa.boaMobileBanking,for anyone who wants to download it just don t,NEGATIVE,0.998290479183197,Other,Other
wonderful,5,2025-03-19,BOA,Google Play,com.boa.boaMobileBanking,wonderful,POSITIVE,0.9998772144317628,Other,Other
all worck,5,2025-03-19,BOA,Google Play,com.boa.boaMobileBanking,all worck,NEGATIVE,0.9971314668655396,Other,Other
Loved it,5,2025-03-14,BOA,Google Play,com.boa.boaMobileBanking,loved it,POSITIVE,0.9998797178268432,Other,Other
Wow,1,2025-03-14,BOA,Google Play,com.boa.boaMobileBanking,wow,POSITIVE,0.999592125415802,Other,Other
"Edit: New bug, app not letting me type in my otp codes. Shameful Why does this app not allow me to use it while having developer options on? Did y'all consider that I might, perhaps, be an actual developer? Why am I expected to toggle the option on and off just to bank (restarting my phone when I do)? Why is the message labled as somthing that will ""smoothen"" the experience? This is like the most ""security consultant"" thing to implement in an app. Please invest in actual security, not this mess.",1,2025-03-12,BOA,Google Play,com.boa.boaMobileBanking,edit new bug app not letting me type in my otp codes shameful why does this app not allow me to use it while having developer options on did y all consider that i might perhaps be an actual developer why am i expected to toggle the option on and off just to bank restarting my phone when i do why is the message labled as somthing that will smoothen the experience this is like the most security consultant thing to implement in an app please invest in actual security not this mess,NEGATIVE,0.9974464178085328,Login/Access,Other
Improved to be the best,5,2025-03-11,BOA,Google Play,com.boa.boaMobileBanking,improved to be the best,POSITIVE,0.9998570680618286,Other,Other
"Decent, but there problems sometimes it says error When i transfer money but infact it transferred because of this bug i transferred 2 times instead of 1 and also we can't transfer money to others telebirr acc we only can to our self BOE Dev fix this !!!",3,2025-03-11,BOA,Google Play,com.boa.boaMobileBanking,decent but there problems sometimes it says error when i transfer money but infact it transferred because of this bug i transferred 2 times instead of 1 and also we can t transfer money to others telebirr acc we only can to our self boe dev fix this,NEGATIVE,0.9976255297660828,Crashes/Bugs,Other
BoA Greqt Ethiopian bank.,5,2025-03-11,BOA,Google Play,com.boa.boaMobileBanking,boa greqt ethiopian bank,NEGATIVE,0.6850442290306091,Other,Other
"The bug is still there,the app crashes every time i try to log in, especially in old phones like my Galaxy A32",1,2025-03-10,BOA,Google Play,com.boa.boaMobileBanking,the bug is still there the app crashes every time i try to log in especially in old phones like my galaxy a32,NEGATIVE,0.999137282371521,Crashes/Bugs,Other
Almost better compared to cbe where it is not qualified for,4,2025-03-09,BOA,Google Play,com.boa.boaMobileBanking,almost better compared to cbe where it is not qualified for,NEGATIVE,0.974167823791504,Other,Other
what awesome apps. it is very simple to use and more much important apps.,5,2025-03-09,BOA,Google Play,com.boa.boaMobileBanking,what awesome apps it is very simple to use and more much important apps,POSITIVE,0.9998180270195008,Other,Other
Wonderfull app,5,2025-03-08,BOA,Google Play,com.boa.boaMobileBanking,wonderfull app,POSITIVE,0.9998815059661864,Other,Other
i can't use this app why?,5,2025-03-07,BOA,Google Play,com.boa.boaMobileBanking,i can t use this app why,NEGATIVE,0.9987196922302246,Other,Other
Worst mobile banking app I ever experienced I was blaming other apps but comparing with this they're too much better!!!! It clashes it takes much longer time to login while loading in short it's a complete of trash,1,2025-03-06,BOA,Google Play,com.boa.boaMobileBanking,worst mobile banking app i ever experienced i was blaming other apps but comparing with this they re too much better it clashes it takes much longer time to login while loading in short it s a complete of trash,NEGATIVE,0.999663472175598,Performance,Other
bro the worst app made by human kind!! as a software engineer it make me so sad seeing enterprise as big as BOA make apps like this. it is a disgrace for our country!!,1,2025-03-05,BOA,Google Play,com.boa.boaMobileBanking,bro the worst app made by human kind as a software engineer it make me so sad seeing enterprise as big as boa make apps like this it is a disgrace for our country,NEGATIVE,0.9998173117637634,Other,Other
AGA B Girja Miss language of admin Afaan oromo & other Itoophiyaa languages,1,2025-03-04,BOA,Google Play,com.boa.boaMobileBanking,aga b girja miss language of admin afaan oromo other itoophiyaa languages,NEGATIVE,0.9964045286178588,Other,Other
Good app,5,2025-03-03,BOA,Google Play,com.boa.boaMobileBanking,good app,POSITIVE,0.9998493194580078,Other,Other
"I downloaded the app for the first time while reading other customers reviews and as soon as i installed and opened the app it closes back automatically, what unserious bank, now i uninstalled the app immediately",1,2025-03-03,BOA,Google Play,com.boa.boaMobileBanking,i downloaded the app for the first time while reading other customers reviews and as soon as i installed and opened the app it closes back automatically what unserious bank now i uninstalled the app immediately,NEGATIVE,0.9889184832572936,Other,Other
It has good features but sometimes it doesn't work...0,1,2025-03-02,BOA,Google Play,com.boa.boaMobileBanking,it has good features but sometimes it doesn t work 0,NEGATIVE,0.9941959381103516,Features/UI,Other
Very poor proformance,1,2025-03-01,BOA,Google Play,com.boa.boaMobileBanking,very poor proformance,NEGATIVE,0.9998043179512024,Other,Other
It's not opening. Really frustrating,1,2025-03-01,BOA,Google Play,com.boa.boaMobileBanking,it s not opening really frustrating,NEGATIVE,0.9648451805114746,Other,Other
Verry Amazing App from all IB,5,2025-03-01,BOA,Google Play,com.boa.boaMobileBanking,verry amazing app from all ib,POSITIVE,0.9997394680976868,Other,Other
Not working on this days,1,2025-02-26,BOA,Google Play,com.boa.boaMobileBanking,not working on this days,NEGATIVE,0.9972773194313048,Other,Other
Thank you BoA,5,2025-02-23,BOA,Google Play,com.boa.boaMobileBanking,thank you boa,POSITIVE,0.9998399019241332,Other,Other
best banking app in the wworld,5,2025-02-22,BOA,Google Play,com.boa.boaMobileBanking,best banking app in the wworld,POSITIVE,0.999572217464447,Other,Other
Nice app and it's easy to use,5,2025-02-21,BOA,Google Play,com.boa.boaMobileBanking,nice app and it s easy to use,POSITIVE,0.99974924325943,Other,Other
"please add language in the apps setting(amharic afan oromo, tigniya,and others) sometimes bank to bank transfer is not available through time and even if if it is available not reachable…it is serious issue!",1,2025-02-15,BOA,Google Play,com.boa.boaMobileBanking,please add language in the apps setting amharic afan oromo tigniya and others sometimes bank to bank transfer is not available through time and even if if it is available not reachable it is serious issue,NEGATIVE,0.9990612864494324,Other,Other
This is help full i like ittttt,5,2025-02-14,BOA,Google Play,com.boa.boaMobileBanking,this is help full i like ittttt,POSITIVE,0.9977995753288268,Support,Other
The is not functional at all?,2,2025-02-12,BOA,Google Play,com.boa.boaMobileBanking,the is not functional at all,NEGATIVE,0.99978905916214,Other,Other
Best bank,5,2025-02-08,BOA,Google Play,com.boa.boaMobileBanking,best bank,POSITIVE,0.9997438788414,Other,Other
Make it easy and convienient to use and perfect for all to high prefrence and choice.,3,2025-02-07,BOA,Google Play,com.boa.boaMobileBanking,make it easy and convienient to use and perfect for all to high prefrence and choice,POSITIVE,0.999696969985962,Other,Other
🇪🇹🇪🇹🇪🇹🇪🇹🇪🇹🇪🇹👍👍👍👍👍👍👍,5,2025-02-04,BOA,Google Play,com.boa.boaMobileBanking,,POSITIVE,0.7481208443641663,Other,Other
I have been using this app for two years.It is amazing.,5,2025-01-31,BOA,Google Play,com.boa.boaMobileBanking,i have been using this app for two years it is amazing,POSITIVE,0.9997686743736268,Other,Other
Good 👍,5,2025-01-31,BOA,Google Play,com.boa.boaMobileBanking,good,POSITIVE,0.999816119670868,Other,Other
Sad experience,1,2025-01-30,BOA,Google Play,com.boa.boaMobileBanking,sad experience,NEGATIVE,0.999068796634674,Other,Other
Always do update and that is annoying,3,2025-01-27,BOA,Google Play,com.boa.boaMobileBanking,always do update and that is annoying,NEGATIVE,0.9994439482688904,Other,Other
"Best app, somehow waiting a few minutes",5,2025-01-23,BOA,Google Play,com.boa.boaMobileBanking,best app somehow waiting a few minutes,NEGATIVE,0.9640914797782898,Other,Other
I can't dijitalize my atm in the apollo app on my phone,1,2025-01-22,BOA,Google Play,com.boa.boaMobileBanking,i can t dijitalize my atm in the apollo app on my phone,NEGATIVE,0.9956218600273132,Other,Other
Whenever I try to sign in app close please fixed it out,2,2025-01-21,BOA,Google Play,com.boa.boaMobileBanking,whenever i try to sign in app close please fixed it out,NEGATIVE,0.9976611137390136,Other,Other
Beter,5,2025-01-21,BOA,Google Play,com.boa.boaMobileBanking,beter,POSITIVE,0.6771947741508484,Other,Other
Boa,4,2025-01-18,BOA,Google Play,com.boa.boaMobileBanking,boa,NEGATIVE,0.74105304479599,Other,Other
በጣም የሚያስጠላ አፕ በጣም የወረደ ዜሮ ነው የምሰጠው ዘሮ It's not App it's very slow ehhhh. Why don't you upgrade the app???? It's always zero,1,2025-01-18,BOA,Google Play,com.boa.boaMobileBanking,it s not app it s very slow ehhhh why don t you upgrade the app it s always zero,NEGATIVE,0.999311089515686,Performance,Other
Aadan Axmed Barkhadle,5,2025-01-17,BOA,Google Play,com.boa.boaMobileBanking,aadan axmed barkhadle,POSITIVE,0.612751841545105,Other,Other
😡😡😡🤬🤬🤬,1,2025-01-16,BOA,Google Play,com.boa.boaMobileBanking,,POSITIVE,0.7481208443641663,Other,Other
Horrible customer service and app crashes Horrible!!,1,2025-01-15,BOA,Google Play,com.boa.boaMobileBanking,horrible customer service and app crashes horrible,NEGATIVE,0.9997950196266174,Crashes/Bugs,Other
I love it,5,2025-01-14,BOA,Google Play,com.boa.boaMobileBanking,i love it,POSITIVE,0.9998799562454224,Other,Other
It keeps asking me to turn off developer mode even when dev mode is off. Couldn't use it.,1,2025-01-13,BOA,Google Play,com.boa.boaMobileBanking,it keeps asking me to turn off developer mode even when dev mode is off couldn t use it,NEGATIVE,0.9956349730491638,Other,Other
Good🙏,5,2025-01-11,BOA,Google Play,com.boa.boaMobileBanking,good,POSITIVE,0.999816119670868,Other,Other
Like to much,5,2025-01-11,BOA,Google Play,com.boa.boaMobileBanking,like to much,POSITIVE,0.9997984766960144,Other,Other
Thank you,5,2025-01-10,BOA,Google Play,com.boa.boaMobileBanking,thank you,POSITIVE,0.9998352527618408,Other,Other
Perfect,5,2025-01-09,BOA,Google Play,com.boa.boaMobileBanking,perfect,POSITIVE,0.9998517036437988,Other,Other
The best of best,5,2025-01-09,BOA,Google Play,com.boa.boaMobileBanking,the best of best,POSITIVE,0.9998393058776855,Other,Other
I was using this app for long time it amazing user friendly UI but the i can't found for get pin button in the app,3,2025-01-07,BOA,Google Play,com.boa.boaMobileBanking,i was using this app for long time it amazing user friendly ui but the i can t found for get pin button in the app,NEGATIVE,0.939123272895813,Features/UI,Other
Great 👍,5,2025-01-04,BOA,Google Play,com.boa.boaMobileBanking,great,POSITIVE,0.9998630285263062,Other,Other
Fast and suitable for the customers.,5,2025-01-04,BOA,Google Play,com.boa.boaMobileBanking,fast and suitable for the customers,POSITIVE,0.9997822642326356,Features/UI,Other
Good app and helpful,5,2025-01-03,BOA,Google Play,com.boa.boaMobileBanking,good app and helpful,POSITIVE,0.9998565912246704,Support,Other
"I will give only one star, because it faced with multiple of problems. 1. The app is not as fast as the other banks App, for e.g like CBE 2. The App asks repeatedly to switch off developer options, even if it is switched off. 3. Bank of Abyssinia's services are interesting, but they ignored the issues on the App service. 4. Most customers gave a complain on the App, but no one accept their complain to fix the issue. 5. Lastly, I will not recommend the App unless the issue has been solved ASAP!!",1,2025-01-03,BOA,Google Play,com.boa.boaMobileBanking,i will give only one star because it faced with multiple of problems 1 the app is not as fast as the other banks app for e g like cbe 2 the app asks repeatedly to switch off developer options even if it is switched off 3 bank of abyssinia s services are interesting but they ignored the issues on the app service 4 most customers gave a complain on the app but no one accept their complain to fix the issue 5 lastly i will not recommend the app unless the issue has been solved asap,NEGATIVE,0.9975711703300476,Support,Other
By assessing this you can tell Abyssinia bank has no idea what mobile banking is ?,1,2025-01-02,BOA,Google Play,com.boa.boaMobileBanking,by assessing this you can tell abyssinia bank has no idea what mobile banking is,NEGATIVE,0.9994189739227296,Other,Other
It doesn't work at all.,2,2025-01-02,BOA,Google Play,com.boa.boaMobileBanking,it doesn t work at all,NEGATIVE,0.9997779726982116,Other,Other
this app is not available,1,2025-01-02,BOA,Google Play,com.boa.boaMobileBanking,this app is not available,NEGATIVE,0.9997593760490416,Other,Other
Wow what amazing,5,2024-12-30,BOA,Google Play,com.boa.boaMobileBanking,wow what amazing,POSITIVE,0.9998555183410645,Other,Other
love it,5,2024-12-30,BOA,Google Play,com.boa.boaMobileBanking,love it,POSITIVE,0.99987530708313,Other,Other
በጣም መሻሻል አለበት....... ለ ባንኩ ማይመጥን መተግበርያ ነው ::,2,2024-12-30,BOA,Google Play,com.boa.boaMobileBanking,,POSITIVE,0.7481208443641663,Other,Other
Lemn embi yilal??,5,2024-12-30,BOA,Google Play,com.boa.boaMobileBanking,lemn embi yilal,NEGATIVE,0.8609250783920288,Other,Other
It's useless app downgraded.,1,2024-12-29,BOA,Google Play,com.boa.boaMobileBanking,it s useless app downgraded,NEGATIVE,0.9997979998588562,Other,Other
Why is not letting me access my account. The whole point of this app is for me to gey access to my account without physically being at the bank. I would give it a zero but a one will suffice to get my point accross.,1,2024-12-27,BOA,Google Play,com.boa.boaMobileBanking,why is not letting me access my account the whole point of this app is for me to gey access to my account without physically being at the bank i would give it a zero but a one will suffice to get my point accross,NEGATIVE,0.6188134551048279,Other,Other
Nice,5,2024-12-26,BOA,Google Play,com.boa.boaMobileBanking,nice,POSITIVE,0.9998552799224854,Other,Other
When are you going to get rid of this and have a real app that works? By far the worst mobile banking app.,1,2024-12-24,BOA,Google Play,com.boa.boaMobileBanking,when are you going to get rid of this and have a real app that works by far the worst mobile banking app,NEGATIVE,0.9997987151145936,Other,Other
አይሰራም ሼም ነው፤,1,2024-12-23,BOA,Google Play,com.boa.boaMobileBanking,,POSITIVE,0.7481208443641663,Other,Other
Not that much bad,3,2024-12-22,BOA,Google Play,com.boa.boaMobileBanking,not that much bad,POSITIVE,0.998815894126892,Other,Other
Fine,5,2024-12-20,BOA,Google Play,com.boa.boaMobileBanking,fine,POSITIVE,0.9998335838317872,Other,Other
The dirtiest application ever seen...,1,2024-12-20,BOA,Google Play,com.boa.boaMobileBanking,the dirtiest application ever seen,NEGATIVE,0.9932304620742798,Other,Other
Nic ap,5,2024-12-19,BOA,Google Play,com.boa.boaMobileBanking,nic ap,POSITIVE,0.9873360991477966,Other,Other
The forest app ever,1,2024-12-19,BOA,Google Play,com.boa.boaMobileBanking,the forest app ever,POSITIVE,0.9840954542160034,Other,Other
"I love BoA more than anyone but they are cursed when it comed to mobile banking. Even though this ine is hetter it still s*cks! It will ask me to turn off developer options other wise it won't work! I use CBE, Awash birr, tekebirr, Dashen bank and others but non of them asked me this, why only BoA? Please improve your mobile banking, be competitive!",1,2024-12-19,BOA,Google Play,com.boa.boaMobileBanking,i love boa more than anyone but they are cursed when it comed to mobile banking even though this ine is hetter it still s cks it will ask me to turn off developer options other wise it won t work i use cbe awash birr tekebirr dashen bank and others but non of them asked me this why only boa please improve your mobile banking be competitive,NEGATIVE,0.9968198537826538,Other,Other
Bank of abissena,1,2024-12-17,BOA,Google Play,com.boa.boaMobileBanking,bank of abissena,POSITIVE,0.9480117559432985,Other,Other
"Easy and sooo simple to use it, also its easy to stole someones money using the app",3,2024-12-16,BOA,Google Play,com.boa.boaMobileBanking,easy and sooo simple to use it also its easy to stole someones money using the app,NEGATIVE,0.9931192398071288,Other,Other
GOOD,5,2024-12-14,BOA,Google Play,com.boa.boaMobileBanking,good,POSITIVE,0.999816119670868,Other,Other
The worst banking app ever. Never works!,1,2024-12-14,BOA,Google Play,com.boa.boaMobileBanking,the worst banking app ever never works,NEGATIVE,0.999806821346283,Other,Other
Poorly functioning app,3,2024-12-13,BOA,Google Play,com.boa.boaMobileBanking,poorly functioning app,NEGATIVE,0.999775230884552,Other,Other
Very nice,5,2024-12-13,BOA,Google Play,com.boa.boaMobileBanking,very nice,POSITIVE,0.9998563528060912,Other,Other
Your system is the worst you should do better😡😡😡😡😡😡,2,2024-12-11,BOA,Google Play,com.boa.boaMobileBanking,your system is the worst you should do better,NEGATIVE,0.9997891783714294,Other,Other
It has been a while since you guys started giving the mobile app service but still couldn't get it to work. I'm sure you know that it doesn't work already but not sure if you're lazy or incompetent to fix it. You are losing business because of this. Complacency will have consequences.,1,2024-12-10,BOA,Google Play,com.boa.boaMobileBanking,it has been a while since you guys started giving the mobile app service but still couldn t get it to work i m sure you know that it doesn t work already but not sure if you re lazy or incompetent to fix it you are losing business because of this complacency will have consequences,NEGATIVE,0.999685764312744,Support,Other
"This is the best app; many features are awesome, but it should work without the need to turn off the developer options. I'm tired of having to constantly switch the developer options off and on. I've been expressing my struggles about this. I have precious settings enabled in the developer options, and to open the App Boa app, I have to turn them off. Please help us, Abyssinia Bank. I hope you can provide an update soon.",4,2024-12-08,BOA,Google Play,com.boa.boaMobileBanking,this is the best app many features are awesome but it should work without the need to turn off the developer options i m tired of having to constantly switch the developer options off and on i ve been expressing my struggles about this i have precious settings enabled in the developer options and to open the app boa app i have to turn them off please help us abyssinia bank i hope you can provide an update soon,POSITIVE,0.9658907055854796,Features/UI,Other
"I’m giving this app one star because there are no options below that. My experience has been incredibly frustrating due to the extremely long loading times, and the app even closes automatically at times. People choose mobile banking for its convenience, but this app is far too time-consuming, making it the worst I’ve used. I hope improvements are made to enhance the user experience.",1,2024-12-07,BOA,Google Play,com.boa.boaMobileBanking,i m giving this app one star because there are no options below that my experience has been incredibly frustrating due to the extremely long loading times and the app even closes automatically at times people choose mobile banking for its convenience but this app is far too time consuming making it the worst i ve used i hope improvements are made to enhance the user experience,NEGATIVE,0.9997298121452332,Performance,Other
Very unprofessional and mischievous bank in my opinion. I have had several occasions but recently I used Abyssinia Card to withdraw money and it was deducted from my account but despite reporting several times they said they are processing it but I learned yesterday that since it has been 3 months the bank has decided to include it in their income. How absurd. If you can avoid this bank.,1,2024-12-06,BOA,Google Play,com.boa.boaMobileBanking,very unprofessional and mischievous bank in my opinion i have had several occasions but recently i used abyssinia card to withdraw money and it was deducted from my account but despite reporting several times they said they are processing it but i learned yesterday that since it has been 3 months the bank has decided to include it in their income how absurd if you can avoid this bank,NEGATIVE,0.9968007802963256,Other,Other
It doesn't work on my 2 devices A05 and A34 😡,1,2024-12-02,BOA,Google Play,com.boa.boaMobileBanking,it doesn t work on my 2 devices a05 and a34,NEGATIVE,0.9996323585510254,Other,Other
My attention is very important because it will be the most difficult time for me,5,2024-11-30,BOA,Google Play,com.boa.boaMobileBanking,my attention is very important because it will be the most difficult time for me,POSITIVE,0.9926175475120544,Other,Other
"I have a worst experience while using this mobile application through out the year. Most of the time it fails to ""Login"" or automatically closed the app. And also it takes so much loading time (5 minutes +) trying to access the internal services. Sometimes also while transferring within and to other bank also fails. So, BOA please fix your app.",1,2024-11-29,BOA,Google Play,com.boa.boaMobileBanking,i have a worst experience while using this mobile application through out the year most of the time it fails to login or automatically closed the app and also it takes so much loading time 5 minutes trying to access the internal services sometimes also while transferring within and to other bank also fails so boa please fix your app,NEGATIVE,0.9998021721839904,Performance,Other
I don't know why but your apps start out great then all of a sudden don't work🤷‍♀️,1,2024-11-28,BOA,Google Play,com.boa.boaMobileBanking,i don t know why but your apps start out great then all of a sudden don t work,NEGATIVE,0.99728524684906,Other,Other
This application is losing major factions on a daily basis. I can count how many times I have used this app; it is completely useless and disappointing if I am not going to use it in times of need then I don't see the point.,1,2024-11-28,BOA,Google Play,com.boa.boaMobileBanking,this application is losing major factions on a daily basis i can count how many times i have used this app it is completely useless and disappointing if i am not going to use it in times of need then i don t see the point,NEGATIVE,0.9997983574867249,Other,Other
exellent digital transaction of money,5,2024-11-26,BOA,Google Play,com.boa.boaMobileBanking,exellent digital transaction of money,NEGATIVE,0.994447946548462,Other,Other
The latest update has stopped android 9 phones not to open this App. Never work properly since i started using it.,1,2024-11-26,BOA,Google Play,com.boa.boaMobileBanking,the latest update has stopped android 9 phones not to open this app never work properly since i started using it,NEGATIVE,0.999690055847168,Other,Other
👏👏👏,5,2024-11-24,BOA,Google Play,com.boa.boaMobileBanking,,POSITIVE,0.7481208443641663,Other,Other
Money,5,2024-11-24,BOA,Google Play,com.boa.boaMobileBanking,money,POSITIVE,0.9659326076507568,Other,Other
It needs more improvment,2,2024-11-24,BOA,Google Play,com.boa.boaMobileBanking,it needs more improvment,NEGATIVE,0.998616099357605,Other,Other
ab,3,2024-11-20,BOA,Google Play,com.boa.boaMobileBanking,ab,POSITIVE,0.9603193998336792,Other,Other
Ademtahir,5,2024-11-20,BOA,Google Play,com.boa.boaMobileBanking,ademtahir,POSITIVE,0.9930111765861512,Other,Other
✌️✌️,5,2024-11-20,BOA,Google Play,com.boa.boaMobileBanking,,POSITIVE,0.7481208443641663,Other,Other
Please this app on my android phone,3,2024-11-20,BOA,Google Play,com.boa.boaMobileBanking,please this app on my android phone,POSITIVE,0.6488662958145142,Other,Other
GOAT 🐐 🐐,5,2024-11-19,BOA,Google Play,com.boa.boaMobileBanking,goat,NEGATIVE,0.9739651679992676,Other,Other
"Your app doesn't match your bank, the app is disaster, super slow. Please learn something from tele birr app.",1,2024-11-19,BOA,Google Play,com.boa.boaMobileBanking,your app doesn t match your bank the app is disaster super slow please learn something from tele birr app,NEGATIVE,0.9995891451835632,Performance,Other
Fast and reliable,5,2024-11-18,BOA,Google Play,com.boa.boaMobileBanking,fast and reliable,POSITIVE,0.9998595714569092,Other,Other
"The worst app update ever. Why would you include the ""developer option off"" thing here? Why do you care? It is my phone my money, right? That is the reason why I switched to other banks. So either turn it off or everyone will discontinue their business one by one.",1,2024-11-17,BOA,Google Play,com.boa.boaMobileBanking,the worst app update ever why would you include the developer option off thing here why do you care it is my phone my money right that is the reason why i switched to other banks so either turn it off or everyone will discontinue their business one by one,NEGATIVE,0.9997935891151428,Other,Other
Very good,5,2024-11-14,BOA,Google Play,com.boa.boaMobileBanking,very good,POSITIVE,0.9998520612716676,Other,Other
One of the poorest mobile banking system,1,2024-11-13,BOA,Google Play,com.boa.boaMobileBanking,one of the poorest mobile banking system,NEGATIVE,0.999756634235382,Other,Other
❤❤❤❤❤❤,5,2024-11-12,BOA,Google Play,com.boa.boaMobileBanking,,POSITIVE,0.7481208443641663,Other,Other
Oene,5,2024-11-12,BOA,Google Play,com.boa.boaMobileBanking,oene,POSITIVE,0.8278858661651611,Other,Other
i find it interesting specially in reciept downloading,1,2024-11-12,BOA,Google Play,com.boa.boaMobileBanking,i find it interesting specially in reciept downloading,POSITIVE,0.9981314539909364,Performance,Other
it good,5,2024-11-12,BOA,Google Play,com.boa.boaMobileBanking,it good,POSITIVE,0.9998427629470824,Other,Other
"This app crashes everytime, please fix it",1,2024-11-12,BOA,Google Play,com.boa.boaMobileBanking,this app crashes everytime please fix it,NEGATIVE,0.999675154685974,Crashes/Bugs,Other
አንድ star ራሱ ይበዛበታል። i dont recomend to use this app also the bank,1,2024-11-12,BOA,Google Play,com.boa.boaMobileBanking,star i dont recomend to use this app also the bank,NEGATIVE,0.9935985803604126,Other,Other
I need a support the app is not working,5,2024-11-12,BOA,Google Play,com.boa.boaMobileBanking,i need a support the app is not working,NEGATIVE,0.9998034834861756,Support,Other
Bast bank of ethiopia,5,2024-11-12,BOA,Google Play,com.boa.boaMobileBanking,bast bank of ethiopia,POSITIVE,0.9978061318397522,Other,Other
very slow app. አቢሲኒያን ከሚያክል ባንክ የማይጠበቅ software app. ከቻላችሁ ሙሉ ለሙሉ እንደገና አሰሩት።በጣም ይመራያል ያሳፍራል።ለapp የወጣው ወጭ በሙስና የተበላ ነው የሚመስለው።,1,2024-11-12,BOA,Google Play,com.boa.boaMobileBanking,very slow app software app app,NEGATIVE,0.99971204996109,Performance,Other
"thank you for your social services like, vertual banking, non touch ATM, Cadrless and withdrwal with out passbook...",5,2024-11-12,BOA,Google Play,com.boa.boaMobileBanking,thank you for your social services like vertual banking non touch atm cadrless and withdrwal with out passbook,POSITIVE,0.9310185313224792,Support,Other
The worst App i have never seen like this before,1,2024-11-12,BOA,Google Play,com.boa.boaMobileBanking,the worst app i have never seen like this before,NEGATIVE,0.999774158000946,Other,Other
Wweeeer,4,2024-11-12,BOA,Google Play,com.boa.boaMobileBanking,wweeeer,NEGATIVE,0.8910733461380005,Other,Other
Infinx,5,2024-11-12,BOA,Google Play,com.boa.boaMobileBanking,infinx,NEGATIVE,0.9042560458183287,Other,Other
Great service,5,2024-11-12,BOA,Google Play,com.boa.boaMobileBanking,great service,POSITIVE,0.9998434782028198,Support,Other
This app is not available on all android versions and some times it is not functional.,1,2024-11-08,BOA,Google Play,com.boa.boaMobileBanking,this app is not available on all android versions and some times it is not functional,NEGATIVE,0.9997180104255676,Other,Other
senayt Mesfin,4,2024-11-08,BOA,Google Play,com.boa.boaMobileBanking,senayt mesfin,POSITIVE,0.8874823451042175,Other,Other
Bad app vety bad.,1,2024-11-07,BOA,Google Play,com.boa.boaMobileBanking,bad app vety bad,NEGATIVE,0.9998015761375428,Other,Other
Abessnya Banke,5,2024-11-05,BOA,Google Play,com.boa.boaMobileBanking,abessnya banke,NEGATIVE,0.9873653054237366,Other,Other
"The most useless app, I never expected such an irrelevant app from BOA. big shame!",1,2024-11-04,BOA,Google Play,com.boa.boaMobileBanking,the most useless app i never expected such an irrelevant app from boa big shame,NEGATIVE,0.9996340274810792,Other,Other
Professional on banking app,5,2024-11-01,BOA,Google Play,com.boa.boaMobileBanking,professional on banking app,POSITIVE,0.9616296291351318,Other,Other
Has some nice interface but always freezes or slow to load .App developers please fix this issue.,3,2024-10-27,BOA,Google Play,com.boa.boaMobileBanking,has some nice interface but always freezes or slow to load app developers please fix this issue,NEGATIVE,0.996726393699646,Performance,Other
አይሰራም አስተካክሉት,5,2024-10-26,BOA,Google Play,com.boa.boaMobileBanking,,POSITIVE,0.7481208443641663,Other,Other
Please try another because this app doesn't feet the need of this generation,1,2024-10-25,BOA,Google Play,com.boa.boaMobileBanking,please try another because this app doesn t feet the need of this generation,NEGATIVE,0.9962055683135986,Other,Other
Fast transfer,5,2024-10-24,BOA,Google Play,com.boa.boaMobileBanking,fast transfer,POSITIVE,0.9989985823631288,Other,Other
"What's up I can't log in, what's wrong",5,2024-10-22,BOA,Google Play,com.boa.boaMobileBanking,what s up i can t log in what s wrong,NEGATIVE,0.9965319633483888,Other,Other
Amrumehamed,1,2024-10-21,BOA,Google Play,com.boa.boaMobileBanking,amrumehamed,POSITIVE,0.6924042701721191,Other,Other
"Nice to meet you my proud bank in Ethiopia.. I'm a member of this bank, i need to solve my problem of international receiving money for me from my online digital working service's over the world please? I'm working a lot of international money.But i can't get direct in Ethiopia because of don't knowing the legal ways of getting money in Ethiopia please can I get and direct deposit with BoA please 🙏🙏🙏?",5,2024-10-18,BOA,Google Play,com.boa.boaMobileBanking,nice to meet you my proud bank in ethiopia i m a member of this bank i need to solve my problem of international receiving money for me from my online digital working service s over the world please i m working a lot of international money but i can t get direct in ethiopia because of don t knowing the legal ways of getting money in ethiopia please can i get and direct deposit with boa please,POSITIVE,0.8126152753829956,Support,Other
ደደገነሐ,5,2024-10-15,BOA,Google Play,com.boa.boaMobileBanking,,POSITIVE,0.7481208443641663,Other,Other
"Terrible Bank Experience It’s unbelievable that with all the modern technology, this bank still struggles with even basic transactions. The app constantly crashes, services are limited, and every time I try to transfer money or load Telebirr, there’s a huge delay. I have to wait 5 days for failed transactions to be refunded! Even USSD is unreliable. They’ve put me in embarrassing situations countless times, and customer care never fixes anything. I’ve switched banks, and you should too!",1,2024-10-14,BOA,Google Play,com.boa.boaMobileBanking,terrible bank experience it s unbelievable that with all the modern technology this bank still struggles with even basic transactions the app constantly crashes services are limited and every time i try to transfer money or load telebirr there s a huge delay i have to wait 5 days for failed transactions to be refunded even ussd is unreliable they ve put me in embarrassing situations countless times and customer care never fixes anything i ve switched banks and you should too,NEGATIVE,0.9984501600265504,Performance,Other
A painfully slow banking app service. Please don't make it your choice!,1,2024-10-13,BOA,Google Play,com.boa.boaMobileBanking,a painfully slow banking app service please don t make it your choice,NEGATIVE,0.999600350856781,Performance,Other
Good App,4,2024-10-12,BOA,Google Play,com.boa.boaMobileBanking,good app,POSITIVE,0.9998493194580078,Other,Other
Best app to me,5,2024-10-11,BOA,Google Play,com.boa.boaMobileBanking,best app to me,POSITIVE,0.997821807861328,Other,Other
BOA,5,2024-10-11,BOA,Google Play,com.boa.boaMobileBanking,boa,NEGATIVE,0.74105304479599,Other,Other
Abdulkadir,5,2024-10-11,BOA,Google Play,com.boa.boaMobileBanking,abdulkadir,POSITIVE,0.981449544429779,Other,Other
Bad,1,2024-10-10,BOA,Google Play,com.boa.boaMobileBanking,bad,NEGATIVE,0.999782383441925,Other,Other
If it is possible I would gove0 star,1,2024-10-08,BOA,Google Play,com.boa.boaMobileBanking,if it is possible i would gove0 star,NEGATIVE,0.9928192496299744,Other,Other
Nise mobile bankig,4,2024-10-05,BOA,Google Play,com.boa.boaMobileBanking,nise mobile bankig,NEGATIVE,0.9858755469322203,Other,Other
Overall good app but performance needs some improvement also sometimes when using instant other bank transfers it refuses causing to be repeated several times to transfer,4,2024-10-04,BOA,Google Play,com.boa.boaMobileBanking,overall good app but performance needs some improvement also sometimes when using instant other bank transfers it refuses causing to be repeated several times to transfer,NEGATIVE,0.953279197216034,Other,Other
Ok,5,2024-10-04,BOA,Google Play,com.boa.boaMobileBanking,ok,POSITIVE,0.9997851252555848,Other,Other
Just make it work please🤣 this is embarrassing for a bank of your size,1,2024-10-04,BOA,Google Play,com.boa.boaMobileBanking,just make it work please this is embarrassing for a bank of your size,NEGATIVE,0.9988180994987488,Other,Other
Update to the simplest way it requires the developer option on and off why this is,5,2024-10-04,BOA,Google Play,com.boa.boaMobileBanking,update to the simplest way it requires the developer option on and off why this is,NEGATIVE,0.998016357421875,Features/UI,Other
"Stop telling me what to do with my phone, BOA. Why does your newly updated app keep asking me to disable the developer options? I’m not slowing down my phone just to use your God damn app. 🤮🤮🤮🤮",1,2024-10-04,BOA,Google Play,com.boa.boaMobileBanking,stop telling me what to do with my phone boa why does your newly updated app keep asking me to disable the developer options i m not slowing down my phone just to use your god damn app,NEGATIVE,0.995326042175293,Performance,Other
I'm living out of country how may I download and use mobile banking? It asks me the Ethiopia phone number and I can't receive text to confirm because I'm out side the country. So please lete know if I can use while I'm outside the country. Thanks,1,2024-10-04,BOA,Google Play,com.boa.boaMobileBanking,i m living out of country how may i download and use mobile banking it asks me the ethiopia phone number and i can t receive text to confirm because i m out side the country so please lete know if i can use while i m outside the country thanks,NEGATIVE,0.959417462348938,Other,Other
Worest app,1,2024-10-03,BOA,Google Play,com.boa.boaMobileBanking,worest app,NEGATIVE,0.7789779305458069,Other,Other
The worest app ever,1,2024-10-03,BOA,Google Play,com.boa.boaMobileBanking,the worest app ever,POSITIVE,0.9535900950431824,Other,Other
አሪፍ ነው በርቱልን,5,2024-10-02,BOA,Google Play,com.boa.boaMobileBanking,,POSITIVE,0.7481208443641663,Other,Other
CBE ይለያል።,5,2025-11-29,CBE,Google Play,com.combanketh.mobilebanking,cbe,POSITIVE,0.9966009855270386,Other,Other
it's special for me,5,2025-11-29,CBE,Google Play,com.combanketh.mobilebanking,it s special for me,POSITIVE,0.9997844099998474,Other,Other
Make it user friendly.,2,2025-11-29,CBE,Google Play,com.combanketh.mobilebanking,make it user friendly,POSITIVE,0.9911433458328248,Other,Other
maaliif daddafee install gaafata,3,2025-11-28,CBE,Google Play,com.combanketh.mobilebanking,maaliif daddafee install gaafata,NEGATIVE,0.9875526428222656,Other,Other
good app,5,2025-11-28,CBE,Google Play,com.combanketh.mobilebanking,good app,POSITIVE,0.9998493194580078,Other,Other
This application is very important and advantage for transfer of money and finance in the coutry and foriegn country.,5,2025-11-27,CBE,Google Play,com.combanketh.mobilebanking,this application is very important and advantage for transfer of money and finance in the coutry and foriegn country,POSITIVE,0.998638927936554,Other,Other
why didn't work this app?,1,2025-11-27,CBE,Google Play,com.combanketh.mobilebanking,why didn t work this app,NEGATIVE,0.9992663264274596,Other,Other
The app makes our life easier. Thank you CBE!,5,2025-11-27,CBE,Google Play,com.combanketh.mobilebanking,the app makes our life easier thank you cbe,POSITIVE,0.999142289161682,Other,Other
this app very bad 👎,1,2025-11-27,CBE,Google Play,com.combanketh.mobilebanking,this app very bad,NEGATIVE,0.9998000264167786,Other,Other
the most advanced app. but how to stay safe?,5,2025-11-27,CBE,Google Play,com.combanketh.mobilebanking,the most advanced app but how to stay safe,NEGATIVE,0.8947290182113647,Other,Other
Good application,4,2025-11-27,CBE,Google Play,com.combanketh.mobilebanking,good application,POSITIVE,0.999854564666748,Other,Other
It is nice app,5,2025-11-26,CBE,Google Play,com.combanketh.mobilebanking,it is nice app,POSITIVE,0.9998478889465332,Other,Other
best,5,2025-11-25,CBE,Google Play,com.combanketh.mobilebanking,best,POSITIVE,0.9997941851615906,Other,Other
"it suddenly asked me to enter the verification key I received. and it (*get your verification key from the nearest CBE Branch*) Now I'm in Australia, what do you expect me to do???! There is no nearest or furthermost cbe Branch!! SO FRUSTRATING! How can I manage my bank account now????",1,2025-11-25,CBE,Google Play,com.combanketh.mobilebanking,it suddenly asked me to enter the verification key i received and it get your verification key from the nearest cbe branch now i m in australia what do you expect me to do there is no nearest or furthermost cbe branch so frustrating how can i manage my bank account now,NEGATIVE,0.999234676361084,Other,Other
nice app...,5,2025-11-25,CBE,Google Play,com.combanketh.mobilebanking,nice app,POSITIVE,0.9998061060905457,Other,Other
very good banking service and fast service,5,2025-11-24,CBE,Google Play,com.combanketh.mobilebanking,very good banking service and fast service,POSITIVE,0.9998499155044556,Support,Other
thanks blc this app help me to use all time,5,2025-11-24,CBE,Google Play,com.combanketh.mobilebanking,thanks blc this app help me to use all time,POSITIVE,0.997163951396942,Support,Other
good,5,2025-11-24,CBE,Google Play,com.combanketh.mobilebanking,good,POSITIVE,0.999816119670868,Other,Other
why we can't send money to other people telebirr wallets??,1,2025-11-24,CBE,Google Play,com.combanketh.mobilebanking,why we can t send money to other people telebirr wallets,NEGATIVE,0.9939478635787964,Other,Other
አታፍሩም ግን ለ15 birr 11.50 ብር ስትቆርጡ ይስተካከልልን,1,2025-11-23,CBE,Google Play,com.combanketh.mobilebanking,15 birr 11 50,NEGATIVE,0.809296727180481,Other,Other
በጣም ቀላልና ምቹ ነው።,5,2025-11-23,CBE,Google Play,com.combanketh.mobilebanking,,POSITIVE,0.7481208443641663,Other,Other
wow,5,2025-11-23,CBE,Google Play,com.combanketh.mobilebanking,wow,POSITIVE,0.999592125415802,Other,Other
nice,5,2025-11-22,CBE,Google Play,com.combanketh.mobilebanking,nice,POSITIVE,0.9998552799224854,Other,Other
you are the reason why i got ye chogara himem,1,2025-11-22,CBE,Google Play,com.combanketh.mobilebanking,you are the reason why i got ye chogara himem,NEGATIVE,0.9818922877311708,Other,Other
it is so smart app i recommend it for everyone,5,2025-11-22,CBE,Google Play,com.combanketh.mobilebanking,it is so smart app i recommend it for everyone,POSITIVE,0.9998483657836914,Other,Other
excellent,5,2025-11-22,CBE,Google Play,com.combanketh.mobilebanking,excellent,POSITIVE,0.9998434782028198,Other,Other
ዳጊ,5,2025-11-21,CBE,Google Play,com.combanketh.mobilebanking,,POSITIVE,0.7481208443641663,Other,Other
absolutely right,5,2025-11-21,CBE,Google Play,com.combanketh.mobilebanking,absolutely right,POSITIVE,0.9998525381088256,Other,Other
mid application it's so annoying,3,2025-11-20,CBE,Google Play,com.combanketh.mobilebanking,mid application it s so annoying,NEGATIVE,0.9997604489326476,Other,Other
I used morethan one year,4,2025-11-20,CBE,Google Play,com.combanketh.mobilebanking,i used morethan one year,NEGATIVE,0.9802079796791076,Other,Other
no word can explane about this app it is nice 👍👍👍👍👍,5,2025-11-20,CBE,Google Play,com.combanketh.mobilebanking,no word can explane about this app it is nice,NEGATIVE,0.6031375527381897,Other,Other
"It's great app,I love this app",5,2025-11-20,CBE,Google Play,com.combanketh.mobilebanking,it s great app i love this app,POSITIVE,0.9998723268508912,Other,Other
Nice,5,2025-11-19,CBE,Google Play,com.combanketh.mobilebanking,nice,POSITIVE,0.9998552799224854,Other,Other
suckkkks,1,2025-11-19,CBE,Google Play,com.combanketh.mobilebanking,suckkkks,NEGATIVE,0.9737535119056702,Other,Other
not allowing to transfer and showing current statement updates.,1,2025-11-19,CBE,Google Play,com.combanketh.mobilebanking,not allowing to transfer and showing current statement updates,NEGATIVE,0.99899822473526,Other,Other
I love you this app,5,2025-11-19,CBE,Google Play,com.combanketh.mobilebanking,i love you this app,POSITIVE,0.9998642206192015,Other,Other
"fast and convenient app, thanks for your dedication as a bank to provide good options to your cuatomers.",1,2025-11-19,CBE,Google Play,com.combanketh.mobilebanking,fast and convenient app thanks for your dedication as a bank to provide good options to your cuatomers,POSITIVE,0.9991018772125244,Other,Other
make life easy,5,2025-11-19,CBE,Google Play,com.combanketh.mobilebanking,make life easy,POSITIVE,0.999527096748352,Other,Other
securr,5,2025-11-19,CBE,Google Play,com.combanketh.mobilebanking,securr,NEGATIVE,0.9891945123672484,Other,Other
My most optional bank,5,2025-11-17,CBE,Google Play,com.combanketh.mobilebanking,my most optional bank,POSITIVE,0.7555274963378906,Other,Other
5 star,5,2025-11-16,CBE,Google Play,com.combanketh.mobilebanking,5 star,POSITIVE,0.9964116215705872,Other,Other
it is fantastic app.,5,2025-11-16,CBE,Google Play,com.combanketh.mobilebanking,it is fantastic app,POSITIVE,0.9998737573623656,Other,Other
sifen,5,2025-11-16,CBE,Google Play,com.combanketh.mobilebanking,sifen,NEGATIVE,0.8473548293113708,Other,Other
i like this√,4,2025-11-16,CBE,Google Play,com.combanketh.mobilebanking,i like this,POSITIVE,0.9998672008514404,Other,Other
Ok,3,2025-11-16,CBE,Google Play,com.combanketh.mobilebanking,ok,POSITIVE,0.9997851252555848,Other,Other
ጥሩ App ነዉ ። የኔ የግል አስተያየት- Update ወይንም cache cleaning app ሲደረግ ለምንድነዉ ደግመን login ስናደርግ Restricted ሚያደርገዉ ቢስተካከል እንደ ሀሳብ ጥሩ ነዉ። በዛላይ ድጋሚ አክቲቬት ለማስደረግ ከፍለን ..,5,2025-11-15,CBE,Google Play,com.combanketh.mobilebanking,app update cache cleaning app login restricted,NEGATIVE,0.9993979930877686,Login/Access,Other
"Seriously, what’s going on with this app? The ""Pay to Beneficiary"" option is completely disabled for Android users, yet iOS users get full access without restrictions. Why are Android users being treated like second class customers? It’s the same app, the same service, but clearly not the same experience. This kind of platform bias is unacceptable, either give everyone the same features or be transparent about why you’re limiting functionality. Right now, it just feels unfair and frustrating.",1,2025-11-15,CBE,Google Play,com.combanketh.mobilebanking,seriously what s going on with this app the pay to beneficiary option is completely disabled for android users yet ios users get full access without restrictions why are android users being treated like second class customers it s the same app the same service but clearly not the same experience this kind of platform bias is unacceptable either give everyone the same features or be transparent about why you re limiting functionality right now it just feels unfair and frustrating,NEGATIVE,0.9995883107185364,Features/UI,Other
Like,5,2025-11-13,CBE,Google Play,com.combanketh.mobilebanking,like,POSITIVE,0.9910564422607422,Other,Other
Nice and very useful app i like it!,5,2025-11-13,CBE,Google Play,com.combanketh.mobilebanking,nice and very useful app i like it,POSITIVE,0.9998612403869628,Other,Other
Good,5,2025-11-13,CBE,Google Play,com.combanketh.mobilebanking,good,POSITIVE,0.999816119670868,Other,Other
smart app,4,2025-11-12,CBE,Google Play,com.combanketh.mobilebanking,smart app,POSITIVE,0.999789297580719,Other,Other
good App,5,2025-11-12,CBE,Google Play,com.combanketh.mobilebanking,good app,POSITIVE,0.9998493194580078,Other,Other
sync problem may 22 2025 but the date stack on may 8 2025 help pls,5,2025-11-12,CBE,Google Play,com.combanketh.mobilebanking,sync problem may 22 2025 but the date stack on may 8 2025 help pls,NEGATIVE,0.992516815662384,Support,Other
ok,5,2025-11-11,CBE,Google Play,com.combanketh.mobilebanking,ok,POSITIVE,0.9997851252555848,Other,Other
cbe is my choice,4,2025-11-11,CBE,Google Play,com.combanketh.mobilebanking,cbe is my choice,POSITIVE,0.9987378716468812,Other,Other
Awesome,5,2025-11-11,CBE,Google Play,com.combanketh.mobilebanking,awesome,POSITIVE,0.9998682737350464,Other,Other
I am not able to transfer. The app is not responding,1,2025-11-11,CBE,Google Play,com.combanketh.mobilebanking,i am not able to transfer the app is not responding,NEGATIVE,0.9997859597206116,Other,Other
Very convenient App,5,2025-11-11,CBE,Google Play,com.combanketh.mobilebanking,very convenient app,POSITIVE,0.994573414325714,Other,Other
excellent but sometimes can not connect,5,2025-11-10,CBE,Google Play,com.combanketh.mobilebanking,excellent but sometimes can not connect,NEGATIVE,0.9832204580307008,Other,Other
wow apk,5,2025-11-10,CBE,Google Play,com.combanketh.mobilebanking,wow apk,POSITIVE,0.9992477893829346,Other,Other
best 100 %,5,2025-11-10,CBE,Google Play,com.combanketh.mobilebanking,best 100,POSITIVE,0.99979430437088,Other,Other
bad app,1,2025-11-10,CBE,Google Play,com.combanketh.mobilebanking,bad app,NEGATIVE,0.9997212290763856,Other,Other
best app,5,2025-11-10,CBE,Google Play,com.combanketh.mobilebanking,best app,POSITIVE,0.999686598777771,Other,Other
nice app,5,2025-11-10,CBE,Google Play,com.combanketh.mobilebanking,nice app,POSITIVE,0.9998061060905457,Other,Other
the app constantly glitches and won't stop loading despite having a decent connection and a cleared cache. telebirr is way better,1,2025-11-10,CBE,Google Play,com.combanketh.mobilebanking,the app constantly glitches and won t stop loading despite having a decent connection and a cleared cache telebirr is way better,NEGATIVE,0.9192262887954712,Performance,Other
I can't access it properly I think it needs update,1,2025-11-10,CBE,Google Play,com.combanketh.mobilebanking,i can t access it properly i think it needs update,NEGATIVE,0.9995952248573304,Other,Other
👌👌,5,2025-11-10,CBE,Google Play,com.combanketh.mobilebanking,,POSITIVE,0.7481208443641663,Other,Other
best 👌,5,2025-11-10,CBE,Google Play,com.combanketh.mobilebanking,best,POSITIVE,0.9997941851615906,Other,Other
not Refresh,2,2025-11-10,CBE,Google Play,com.combanketh.mobilebanking,not refresh,NEGATIVE,0.999051868915558,Other,Other
your statement is not used as wanted,1,2025-11-10,CBE,Google Play,com.combanketh.mobilebanking,your statement is not used as wanted,NEGATIVE,0.99908447265625,Other,Other
good very good,5,2025-11-09,CBE,Google Play,com.combanketh.mobilebanking,good very good,POSITIVE,0.9998477697372437,Other,Other
this is absolute trash why because it's not Woking most time the servers are down even though I'm using 4g data Internet they steal not working they use to work with out even data package now it's trash can't even send money,1,2025-11-09,CBE,Google Play,com.combanketh.mobilebanking,this is absolute trash why because it s not woking most time the servers are down even though i m using 4g data internet they steal not working they use to work with out even data package now it s trash can t even send money,NEGATIVE,0.9996209144592284,Other,Other
Bayeee galatooma kana caalati nu gammachisa 🌏🤌🏻💴💸🥰👌🏻🙏🏻,5,2025-11-08,CBE,Google Play,com.combanketh.mobilebanking,bayeee galatooma kana caalati nu gammachisa,NEGATIVE,0.9713430404663086,Other,Other
Good !,5,2025-11-08,CBE,Google Play,com.combanketh.mobilebanking,good,POSITIVE,0.999816119670868,Other,Other
i like it,5,2025-11-08,CBE,Google Play,com.combanketh.mobilebanking,i like it,POSITIVE,0.99985933303833,Other,Other
Very nice app,5,2025-11-08,CBE,Google Play,com.combanketh.mobilebanking,very nice app,POSITIVE,0.9998562335968018,Other,Other
the app is not functional this week.,4,2025-11-08,CBE,Google Play,com.combanketh.mobilebanking,the app is not functional this week,NEGATIVE,0.9996600151062012,Other,Other
very updated bank,5,2025-11-05,CBE,Google Play,com.combanketh.mobilebanking,very updated bank,POSITIVE,0.999656081199646,Other,Other
tankyu,5,2025-11-05,CBE,Google Play,com.combanketh.mobilebanking,tankyu,POSITIVE,0.8404368162155151,Other,Other
Numbers 2 and 3 don't write during pin verification.,5,2025-11-05,CBE,Google Play,com.combanketh.mobilebanking,numbers 2 and 3 don t write during pin verification,NEGATIVE,0.9856871962547302,Other,Other
"once it is uninstalled, you need to visit a nearby bank. you go there and they ask you to have a new sim card which hasn't been used before. so you should buy a new sim card and you go back to them with a new sim card, when you reach there service provider says authentication pin is not arrive, the system is not working come back tomorrow.",1,2025-11-05,CBE,Google Play,com.combanketh.mobilebanking,once it is uninstalled you need to visit a nearby bank you go there and they ask you to have a new sim card which hasn t been used before so you should buy a new sim card and you go back to them with a new sim card when you reach there service provider says authentication pin is not arrive the system is not working come back tomorrow,NEGATIVE,0.9983566403388976,Support,Other
loved it,5,2025-11-05,CBE,Google Play,com.combanketh.mobilebanking,loved it,POSITIVE,0.9998797178268432,Other,Other
this app is not working on my phone,5,2025-11-03,CBE,Google Play,com.combanketh.mobilebanking,this app is not working on my phone,NEGATIVE,0.9996734857559204,Other,Other
CBE needs to show transaction fees before the transaction is confirmed and not after. This is a big issue as fees are no longer insignificant.,3,2025-11-03,CBE,Google Play,com.combanketh.mobilebanking,cbe needs to show transaction fees before the transaction is confirmed and not after this is a big issue as fees are no longer insignificant,NEGATIVE,0.9801350235939026,Other,Other
"After the recent updates, I am unable to download a receipt. I can't see the names of account holders I've previously transacted with. Very important. Please fix it asap.",1,2025-11-03,CBE,Google Play,com.combanketh.mobilebanking,after the recent updates i am unable to download a receipt i can t see the names of account holders i ve previously transacted with very important please fix it asap,NEGATIVE,0.9976829290390016,Other,Other
wow 😘😘😘,4,2025-11-02,CBE,Google Play,com.combanketh.mobilebanking,wow,POSITIVE,0.999592125415802,Other,Other
mobile banking broblem,5,2025-11-01,CBE,Google Play,com.combanketh.mobilebanking,mobile banking broblem,NEGATIVE,0.991805911064148,Other,Other
good job,5,2025-11-01,CBE,Google Play,com.combanketh.mobilebanking,good job,POSITIVE,0.999835729598999,Other,Other
it is a good and clear apps to use,4,2025-10-31,CBE,Google Play,com.combanketh.mobilebanking,it is a good and clear apps to use,POSITIVE,0.9998574256896972,Other,Other
ለምንድን ነው ከንግድ ባንክ ወደ ቴሌብር 5 ብር ሲተላለፍ 11 ብር እንዲቆርጥ ያደረጋችሁት,1,2025-10-31,CBE,Google Play,com.combanketh.mobilebanking,5 11,POSITIVE,0.963996410369873,Other,Other
I love this app b/c every option in the app very clear and supportive.,5,2025-10-30,CBE,Google Play,com.combanketh.mobilebanking,i love this app b c every option in the app very clear and supportive,POSITIVE,0.9998538494110109,Support,Other
niiceh,5,2025-10-29,CBE,Google Play,com.combanketh.mobilebanking,niiceh,POSITIVE,0.8779534101486206,Other,Other
the app is good but their is no dark mode you have to add it,3,2025-10-29,CBE,Google Play,com.combanketh.mobilebanking,the app is good but their is no dark mode you have to add it,POSITIVE,0.9965399503707886,Other,Other
🤮,1,2025-10-29,CBE,Google Play,com.combanketh.mobilebanking,,POSITIVE,0.7481208443641663,Other,Other
abdulakim abrahim elemoo,5,2025-10-28,CBE,Google Play,com.combanketh.mobilebanking,abdulakim abrahim elemoo,POSITIVE,0.9634568691253662,Other,Other
strong,5,2025-10-28,CBE,Google Play,com.combanketh.mobilebanking,strong,POSITIVE,0.999862551689148,Other,Other
Abebaw Zenebe,5,2025-10-28,CBE,Google Play,com.combanketh.mobilebanking,abebaw zenebe,NEGATIVE,0.5422844290733337,Other,Other
good I love it keep it up but if we had a new update that will be fire Soo good,5,2025-10-27,CBE,Google Play,com.combanketh.mobilebanking,good i love it keep it up but if we had a new update that will be fire soo good,POSITIVE,0.9990962743759156,Other,Other
Cbe,5,2025-10-27,CBE,Google Play,com.combanketh.mobilebanking,cbe,POSITIVE,0.9966009855270386,Other,Other
Active and granted system,5,2025-10-27,CBE,Google Play,com.combanketh.mobilebanking,active and granted system,POSITIVE,0.998322069644928,Other,Other
fast app,4,2025-10-26,CBE,Google Play,com.combanketh.mobilebanking,fast app,POSITIVE,0.9983617663383484,Other,Other
cool 😎,5,2025-10-26,CBE,Google Play,com.combanketh.mobilebanking,cool,POSITIVE,0.9998509883880616,Other,Other
Galaxy A10s,3,2025-10-26,CBE,Google Play,com.combanketh.mobilebanking,galaxy a10s,POSITIVE,0.8983982801437378,Other,Other
the best apps,5,2025-10-26,CBE,Google Play,com.combanketh.mobilebanking,the best apps,POSITIVE,0.9998617172241212,Other,Other
arif app new,5,2025-10-26,CBE,Google Play,com.combanketh.mobilebanking,arif app new,NEGATIVE,0.5203987956047058,Other,Other
laga Bari biranch,5,2025-10-26,CBE,Google Play,com.combanketh.mobilebanking,laga bari biranch,NEGATIVE,0.9922856092453004,Performance,Other
ነነሠነሠሠነሠሠሠሠነየነ,5,2025-10-26,CBE,Google Play,com.combanketh.mobilebanking,,POSITIVE,0.7481208443641663,Other,Other
I would like to suggest you improve the time out as it takes the money and doesn't return it back until the next day.,3,2025-10-25,CBE,Google Play,com.combanketh.mobilebanking,i would like to suggest you improve the time out as it takes the money and doesn t return it back until the next day,NEGATIVE,0.99342280626297,Other,Other
Attractive,5,2025-10-25,CBE,Google Play,com.combanketh.mobilebanking,attractive,POSITIVE,0.9998689889907836,Other,Other
mite,5,2025-10-24,CBE,Google Play,com.combanketh.mobilebanking,mite,NEGATIVE,0.996557116508484,Other,Other
useful,5,2025-10-24,CBE,Google Play,com.combanketh.mobilebanking,useful,POSITIVE,0.9997634291648864,Other,Other
"not good, not bad!",3,2025-10-23,CBE,Google Play,com.combanketh.mobilebanking,not good not bad,POSITIVE,0.99815434217453,Other,Other
very good,5,2025-10-23,CBE,Google Play,com.combanketh.mobilebanking,very good,POSITIVE,0.9998520612716676,Other,Other
እጅግ በጣም አስቀያሚ ጠቁአም ዘረፋ በሚባል ደርጃ የ አገልግሎት የሚቀበል ያልሰራበትን የገዛ ገንዝበባችንን ተዘረፍን ከ 100ብር 10ብር የአገልግሎት ማስከፈል ምን ማለት ነው እባካችሁ እዩት እስትይ ከ ሞባይል ባንክ ወደ ampsa አስተላልፉና እዩት በጣም ይገርማል ሌባ ብያቸዋልሁ,1,2025-10-22,CBE,Google Play,com.combanketh.mobilebanking,100 10 ampsa,POSITIVE,0.9641178250312804,Other,Other
imp,5,2025-10-22,CBE,Google Play,com.combanketh.mobilebanking,imp,NEGATIVE,0.9978600144386292,Other,Other
super fast app,5,2025-10-21,CBE,Google Play,com.combanketh.mobilebanking,super fast app,POSITIVE,0.9976546168327332,Other,Other
"The app has a nice design and useful features like balance check and transfers, but it’s unstable and often fails to connect. It also forces users to turn off Developer Options, which is unnecessary — other banking apps work fine without that. Many people use Developer Mode for normal reasons. Please fix performance issues, remove this restriction, and add biometric login for better security and convenience",2,2025-10-19,CBE,Google Play,com.combanketh.mobilebanking,the app has a nice design and useful features like balance check and transfers but it s unstable and often fails to connect it also forces users to turn off developer options which is unnecessary other banking apps work fine without that many people use developer mode for normal reasons please fix performance issues remove this restriction and add biometric login for better security and convenience,NEGATIVE,0.9978036284446716,Login/Access,Other
cbe,4,2025-10-18,CBE,Google Play,com.combanketh.mobilebanking,cbe,POSITIVE,0.9966009855270386,Other,Other
"it says ""ti is work any more in your device"" what can i do??",1,2025-10-18,CBE,Google Play,com.combanketh.mobilebanking,it says ti is work any more in your device what can i do,NEGATIVE,0.9973795413970948,Other,Other
blah blah blah,5,2025-10-18,CBE,Google Play,com.combanketh.mobilebanking,blah blah blah,NEGATIVE,0.997789978981018,Other,Other
bad ግዴታ መሆንሁ,1,2025-10-17,CBE,Google Play,com.combanketh.mobilebanking,bad,NEGATIVE,0.999782383441925,Other,Other
CBE no.1,5,2025-10-17,CBE,Google Play,com.combanketh.mobilebanking,cbe no 1,POSITIVE,0.9982787370681764,Other,Other
"it's not work correctly when it's needed sometimes, but it works sometimes though",2,2025-10-16,CBE,Google Play,com.combanketh.mobilebanking,it s not work correctly when it s needed sometimes but it works sometimes though,POSITIVE,0.9804807305336,Other,Other
its easy to use and more secured than the previous one. i love it and appreciate commercial bank of ethiopia for every time update.,5,2025-10-16,CBE,Google Play,com.combanketh.mobilebanking,its easy to use and more secured than the previous one i love it and appreciate commercial bank of ethiopia for every time update,POSITIVE,0.9991248250007628,Other,Other
gooof,5,2025-10-16,CBE,Google Play,com.combanketh.mobilebanking,gooof,NEGATIVE,0.996545135974884,Other,Other
"Suddenly the cbe application I was using stopped working and called callcenter, I was told it's because it expired and I should vist any branch to fix it. So I went to CBE Silassie branch.After filling a form they gave me, I sat down and waited until they finish fixing 2 customer's case who arrived before me. But then when it was my turn ppl who came after me with same mobile banking and even Atm card cases were finishing up and leaving I had to get back to my work so I left.with no service.why?",1,2025-10-16,CBE,Google Play,com.combanketh.mobilebanking,suddenly the cbe application i was using stopped working and called callcenter i was told it s because it expired and i should vist any branch to fix it so i went to cbe silassie branch after filling a form they gave me i sat down and waited until they finish fixing 2 customer s case who arrived before me but then when it was my turn ppl who came after me with same mobile banking and even atm card cases were finishing up and leaving i had to get back to my work so i left with no service why,NEGATIVE,0.9996533393859864,Support,Other
Best app,5,2025-10-15,CBE,Google Play,com.combanketh.mobilebanking,best app,POSITIVE,0.999686598777771,Other,Other
still not perfect like before,1,2025-10-15,CBE,Google Play,com.combanketh.mobilebanking,still not perfect like before,NEGATIVE,0.9995744824409484,Other,Other
This app dash board is disturbing me. it is not showing me traxation and my balance while displaying others option on dashboard. I think it is a risk full app😭😭😭🤤🤤,1,2025-10-15,CBE,Google Play,com.combanketh.mobilebanking,this app dash board is disturbing me it is not showing me traxation and my balance while displaying others option on dashboard i think it is a risk full app,NEGATIVE,0.999038577079773,Other,Other
APPLIED,1,2025-10-14,CBE,Google Play,com.combanketh.mobilebanking,applied,POSITIVE,0.998971939086914,Other,Other
10 years ago,4,2025-10-14,CBE,Google Play,com.combanketh.mobilebanking,10 years ago,POSITIVE,0.906000316143036,Other,Other
Asefa Obsa,5,2025-10-14,CBE,Google Play,com.combanketh.mobilebanking,asefa obsa,NEGATIVE,0.9988316893577576,Other,Other
it's good app,5,2025-10-14,CBE,Google Play,com.combanketh.mobilebanking,it s good app,POSITIVE,0.999863862991333,Other,Other
very slow,1,2025-10-14,CBE,Google Play,com.combanketh.mobilebanking,very slow,NEGATIVE,0.9997065663337708,Performance,Other
berhan deriba wami,4,2025-10-14,CBE,Google Play,com.combanketh.mobilebanking,berhan deriba wami,POSITIVE,0.755569577217102,Other,Other
mahamad Usman,5,2025-10-13,CBE,Google Play,com.combanketh.mobilebanking,mahamad usman,POSITIVE,0.9890894293785096,Other,Other
Erako,5,2025-10-13,CBE,Google Play,com.combanketh.mobilebanking,erako,POSITIVE,0.997822403907776,Other,Other
🔥🔥🔥🔥🔥,5,2025-10-13,CBE,Google Play,com.combanketh.mobilebanking,,POSITIVE,0.7481208443641663,Other,Other
opne,5,2025-10-13,CBE,Google Play,com.combanketh.mobilebanking,opne,NEGATIVE,0.7972503304481506,Other,Other
mehommd nuri,5,2025-10-13,CBE,Google Play,com.combanketh.mobilebanking,mehommd nuri,POSITIVE,0.9508018493652344,Other,Other
Best,5,2025-10-12,CBE,Google Play,com.combanketh.mobilebanking,best,POSITIVE,0.9997941851615906,Other,Other
providing very secure service.,5,2025-10-12,CBE,Google Play,com.combanketh.mobilebanking,providing very secure service,POSITIVE,0.9994096755981444,Support,Other
apk አሪፍ ነው ግን በጣም apkwun የሚከፍቱ የ ባንክ ሰራተኞች በጣም ደካማ ናቸው ሲያስተናግዱ ለ ደንበኛ ክብር የላቸውም እኔ መመላለስ ከጀመርኩ ቆየው ግን መፍትህ ላገኝ አልችልኩም ::,1,2025-10-12,CBE,Google Play,com.combanketh.mobilebanking,apk apkwun,NEGATIVE,0.5462896227836609,Other,Other
ዳር ኑሮ ላለው ኣፍሪቻን ው,5,2025-10-12,CBE,Google Play,com.combanketh.mobilebanking,,POSITIVE,0.7481208443641663,Other,Other
RIYAD Mohammed Abaoli 92 527 2567,5,2025-10-12,CBE,Google Play,com.combanketh.mobilebanking,riyad mohammed abaoli 92 527 2567,POSITIVE,0.9531126022338868,Other,Other
it doesn't show bank statement and no options to see transactions for the past months.,2,2025-10-11,CBE,Google Play,com.combanketh.mobilebanking,it doesn t show bank statement and no options to see transactions for the past months,NEGATIVE,0.9993700385093688,Other,Other
Mamma Husen,2,2025-10-11,CBE,Google Play,com.combanketh.mobilebanking,mamma husen,POSITIVE,0.9694636464118958,Other,Other
3 stars because I can't see all my transaction history apart from the recents and a refresh button has been removed from the Recents activity. The app should allow clients to view all of the transactions not just recents.,3,2025-10-11,CBE,Google Play,com.combanketh.mobilebanking,3 stars because i can t see all my transaction history apart from the recents and a refresh button has been removed from the recents activity the app should allow clients to view all of the transactions not just recents,NEGATIVE,0.99654358625412,Other,Other
exceptional application from others bank,5,2025-10-10,CBE,Google Play,com.combanketh.mobilebanking,exceptional application from others bank,POSITIVE,0.9996663331985474,Other,Other
"it is very nice. but i have a serious suggestion when you send to other cbe birr customer, it does not show the name of the recipient befor it actually send the money. please improve this",4,2025-10-10,CBE,Google Play,com.combanketh.mobilebanking,it is very nice but i have a serious suggestion when you send to other cbe birr customer it does not show the name of the recipient befor it actually send the money please improve this,NEGATIVE,0.9968445301055908,Other,Other
good👍👍👍😊😊😊,5,2025-10-10,CBE,Google Play,com.combanketh.mobilebanking,good,POSITIVE,0.999816119670868,Other,Other
really good app,5,2025-10-10,CBE,Google Play,com.combanketh.mobilebanking,really good app,POSITIVE,0.9998643398284912,Other,Other
smart bank CBE,5,2025-10-10,CBE,Google Play,com.combanketh.mobilebanking,smart bank cbe,POSITIVE,0.9971417784690856,Other,Other
Ali urgesa11,3,2025-10-09,CBE,Google Play,com.combanketh.mobilebanking,ali urgesa11,NEGATIVE,0.9212201833724976,Other,Other
it's good,5,2025-10-09,CBE,Google Play,com.combanketh.mobilebanking,it s good,POSITIVE,0.9998457431793212,Other,Other
Good apps,5,2025-10-09,CBE,Google Play,com.combanketh.mobilebanking,good apps,POSITIVE,0.9998608827590942,Other,Other
password በጣት አሻራ ቢኖረው መልካም ነበር,4,2025-10-09,CBE,Google Play,com.combanketh.mobilebanking,password,POSITIVE,0.96703040599823,Login/Access,Other
best app i ever seen,5,2025-10-09,CBE,Google Play,com.combanketh.mobilebanking,best app i ever seen,POSITIVE,0.999450147151947,Other,Other
it's game changing in financial system,4,2025-10-09,CBE,Google Play,com.combanketh.mobilebanking,it s game changing in financial system,POSITIVE,0.9944753050804138,Other,Other
"z,MKT 20_._!8+⅓⅕😘r",1,2025-10-09,CBE,Google Play,com.combanketh.mobilebanking,z mkt 20 8 r,NEGATIVE,0.6290566921234131,Other,Other
will good updating,5,2025-10-08,CBE,Google Play,com.combanketh.mobilebanking,will good updating,POSITIVE,0.9998600482940674,Other,Other
"service charge , vat, fee everything here is not yours they wanna take what you have, everything is not fair",1,2025-10-08,CBE,Google Play,com.combanketh.mobilebanking,service charge vat fee everything here is not yours they wanna take what you have everything is not fair,NEGATIVE,0.9988521337509156,Support,Other
why removing screenshot feature why?,2,2025-10-08,CBE,Google Play,com.combanketh.mobilebanking,why removing screenshot feature why,NEGATIVE,0.9946369528770448,Features/UI,Other
very good application! thank you all who participate!,5,2025-10-08,CBE,Google Play,com.combanketh.mobilebanking,very good application thank you all who participate,POSITIVE,0.9998602867126464,Other,Other
application bank commercial Ethiopia I am very happy to be able to appear in a great job on a pleasant job,5,2025-10-08,CBE,Google Play,com.combanketh.mobilebanking,application bank commercial ethiopia i am very happy to be able to appear in a great job on a pleasant job,POSITIVE,0.9998462200164796,Other,Other
user compatible app!,5,2025-10-08,CBE,Google Play,com.combanketh.mobilebanking,user compatible app,POSITIVE,0.9908377528190612,Other,Other
"I am trying to access this app on my Android phone, but sometimes doesn't work. so kindly try to improve it.",3,2025-10-07,CBE,Google Play,com.combanketh.mobilebanking,i am trying to access this app on my android phone but sometimes doesn t work so kindly try to improve it,NEGATIVE,0.9989331364631652,Other,Other
what an amazing app. you know how much it simplify life. Thanks cbe. I proud of you.,5,2025-10-07,CBE,Google Play,com.combanketh.mobilebanking,what an amazing app you know how much it simplify life thanks cbe i proud of you,POSITIVE,0.999864935874939,Other,Other
Our Commercial Bank of Ethiopia is Good !,5,2025-10-06,CBE,Google Play,com.combanketh.mobilebanking,our commercial bank of ethiopia is good,POSITIVE,0.999837040901184,Other,Other
Asledin Ibsa,5,2025-10-06,CBE,Google Play,com.combanketh.mobilebanking,asledin ibsa,POSITIVE,0.9360378980636596,Other,Other
terrible when showing history of transaction it shows in disorganised way,3,2025-10-05,CBE,Google Play,com.combanketh.mobilebanking,terrible when showing history of transaction it shows in disorganised way,NEGATIVE,0.9996823072433472,Other,Other
my bank,5,2025-10-05,CBE,Google Play,com.combanketh.mobilebanking,my bank,NEGATIVE,0.845909833908081,Other,Other
Data,5,2025-10-04,CBE,Google Play,com.combanketh.mobilebanking,data,POSITIVE,0.961766242980957,Other,Other
"lately I am facing a problem with the app ,and the problem is when log in and inter my pin it doesn't work at all and says 'can't sync' why does it say that I was working fine a few day ago and also it says when I enter my pin 'change your pin to 6 digit pin and it doesn't allow me to change it please solve what is the problem with the app ?",2,2025-10-04,CBE,Google Play,com.combanketh.mobilebanking,lately i am facing a problem with the app and the problem is when log in and inter my pin it doesn t work at all and says can t sync why does it say that i was working fine a few day ago and also it says when i enter my pin change your pin to 6 digit pin and it doesn t allow me to change it please solve what is the problem with the app,NEGATIVE,0.9989940524101256,Other,Other
excellent app with lots of features,5,2025-10-04,CBE,Google Play,com.combanketh.mobilebanking,excellent app with lots of features,POSITIVE,0.9998672008514404,Features/UI,Other
very good 👍 mobile banking,5,2025-10-04,CBE,Google Play,com.combanketh.mobilebanking,very good mobile banking,POSITIVE,0.9998340606689452,Other,Other
so special,5,2025-10-04,CBE,Google Play,com.combanketh.mobilebanking,so special,POSITIVE,0.9998575448989868,Other,Other
wiiy ewdihiliw esimirt niho yitnehew metgeyot ❤💞🤔😴🤩😍,1,2025-10-03,CBE,Google Play,com.combanketh.mobilebanking,wiiy ewdihiliw esimirt niho yitnehew metgeyot,NEGATIVE,0.8918298482894897,Other,Other
woow cbe,5,2025-10-03,CBE,Google Play,com.combanketh.mobilebanking,woow cbe,POSITIVE,0.8725982308387756,Other,Other
cbe the best bank app,4,2025-10-03,CBE,Google Play,com.combanketh.mobilebanking,cbe the best bank app,POSITIVE,0.9993187189102172,Other,Other
This App CBE bank it's Simple and Smart I Like it.,5,2025-10-03,CBE,Google Play,com.combanketh.mobilebanking,this app cbe bank it s simple and smart i like it,POSITIVE,0.999821126461029,Other,Other
Rijalufaris,5,2025-10-02,CBE,Google Play,com.combanketh.mobilebanking,rijalufaris,POSITIVE,0.6782296895980835,Other,Other
its Best app But i hate the Repeatedly update request,5,2025-10-02,CBE,Google Play,com.combanketh.mobilebanking,its best app but i hate the repeatedly update request,NEGATIVE,0.9902864098548888,Other,Other
imoo,3,2025-10-02,CBE,Google Play,com.combanketh.mobilebanking,imoo,POSITIVE,0.9941620230674744,Other,Other
"it was good since it become a robber the vat ,tax,service charge,unbelievable charge to send to other bank, monthly charge,etc i hope one international bank comes and we all leave this bank. enough is enough",1,2025-10-02,CBE,Google Play,com.combanketh.mobilebanking,it was good since it become a robber the vat tax service charge unbelievable charge to send to other bank monthly charge etc i hope one international bank comes and we all leave this bank enough is enough,POSITIVE,0.9911527037620544,Support,Other
screen shoot always not allowed why?,5,2025-10-02,CBE,Google Play,com.combanketh.mobilebanking,screen shoot always not allowed why,NEGATIVE,0.9970210194587708,Other,Other
enkorabetalen,5,2025-10-01,CBE,Google Play,com.combanketh.mobilebanking,enkorabetalen,POSITIVE,0.9099953174591064,Other,Other
Gamada mahamadi,1,2025-09-30,CBE,Google Play,com.combanketh.mobilebanking,gamada mahamadi,POSITIVE,0.7746041417121887,Other,Other
it is very good banking web but its network is sometimes busy i hope they willfix the problem,4,2025-09-30,CBE,Google Play,com.combanketh.mobilebanking,it is very good banking web but its network is sometimes busy i hope they willfix the problem,NEGATIVE,0.9974638223648072,Other,Other
verfcasencod,5,2025-09-30,CBE,Google Play,com.combanketh.mobilebanking,verfcasencod,NEGATIVE,0.8742530941963196,Other,Other
you can't get your own transaction history,1,2025-09-29,CBE,Google Play,com.combanketh.mobilebanking,you can t get your own transaction history,NEGATIVE,0.9994826316833496,Other,Other
sintu,5,2025-09-29,CBE,Google Play,com.combanketh.mobilebanking,sintu,NEGATIVE,0.9596135020256042,Other,Other
BEST,5,2025-09-28,CBE,Google Play,com.combanketh.mobilebanking,best,POSITIVE,0.9997941851615906,Other,Other
Bank of Ethiopia,5,2025-09-28,CBE,Google Play,com.combanketh.mobilebanking,bank of ethiopia,POSITIVE,0.9304205179214478,Other,Other
"All most Good, but need improvement",5,2025-09-27,CBE,Google Play,com.combanketh.mobilebanking,all most good but need improvement,NEGATIVE,0.8670204281806946,Other,Other
"Great application for me,So I would like to rate with Solid 5 star.That It works well overall. So hello everyone enjoy the apps",5,2025-09-27,CBE,Google Play,com.combanketh.mobilebanking,great application for me so i would like to rate with solid 5 star that it works well overall so hello everyone enjoy the apps,POSITIVE,0.9998313188552856,Other,Other
poor app all of you guys delete CBE and download BOA,1,2025-09-27,CBE,Google Play,com.combanketh.mobilebanking,poor app all of you guys delete cbe and download boa,NEGATIVE,0.9997864365577698,Other,Other
niceapp,5,2025-09-27,CBE,Google Play,com.combanketh.mobilebanking,niceapp,POSITIVE,0.9998270869255066,Other,Other
the best app of all,5,2025-09-25,CBE,Google Play,com.combanketh.mobilebanking,the best app of all,POSITIVE,0.9998633861541748,Other,Other
❤️,5,2025-09-25,CBE,Google Play,com.combanketh.mobilebanking,,POSITIVE,0.7481208443641663,Other,Other
"Most of the time when I try to open the app, it does not load. The circle keeps spinning as if it is trying to open, and get a message saying "" 2 attempts left for offline login"". This seems to mean that the app cannot connect to the internet, even though I have a stable internet connection, and all other stuff work properly.",2,2025-09-24,CBE,Google Play,com.combanketh.mobilebanking,most of the time when i try to open the app it does not load the circle keeps spinning as if it is trying to open and get a message saying 2 attempts left for offline login this seems to mean that the app cannot connect to the internet even though i have a stable internet connection and all other stuff work properly,NEGATIVE,0.9997016787528992,Login/Access,Other
Juhaar,5,2025-09-24,CBE,Google Play,com.combanketh.mobilebanking,juhaar,NEGATIVE,0.6955288052558899,Other,Other
I am using CBE app very fantastic.,5,2025-09-24,CBE,Google Play,com.combanketh.mobilebanking,i am using cbe app very fantastic,POSITIVE,0.9995805621147156,Other,Other
bist app tankyou,4,2025-09-23,CBE,Google Play,com.combanketh.mobilebanking,bist app tankyou,NEGATIVE,0.9962037205696106,Other,Other
this is very useful and consistent app,5,2025-09-23,CBE,Google Play,com.combanketh.mobilebanking,this is very useful and consistent app,POSITIVE,0.9998074173927308,Other,Other
"this application provides timely service in a good, fast and reliable manner.",5,2025-09-23,CBE,Google Play,com.combanketh.mobilebanking,this application provides timely service in a good fast and reliable manner,POSITIVE,0.9998356103897096,Support,Other
So good,5,2025-09-23,CBE,Google Play,com.combanketh.mobilebanking,so good,POSITIVE,0.999841570854187,Other,Other
it will be more better if the app have the feature receipt verifying from QR CODE SCREENSHOT IMAGES FROM gallery ... currently IT WORKS ONLY FROM DIRECT CAMERA CAPTURING,4,2025-09-23,CBE,Google Play,com.combanketh.mobilebanking,it will be more better if the app have the feature receipt verifying from qr code screenshot images from gallery currently it works only from direct camera capturing,NEGATIVE,0.9991918206214904,Features/UI,Other
"From the UX perspective it can be better, it's old and it's not obvious where you can find some things",3,2025-09-22,CBE,Google Play,com.combanketh.mobilebanking,from the ux perspective it can be better it s old and it s not obvious where you can find some things,NEGATIVE,0.998455047607422,Other,Other
It is amazing app but it is more better if it is possible to transfer from account to other telebirr,5,2025-09-22,CBE,Google Play,com.combanketh.mobilebanking,it is amazing app but it is more better if it is possible to transfer from account to other telebirr,NEGATIVE,0.7687890529632568,Other,Other
"The app was great while it was active. However, after the app did an update, I lost connection with a message ""Network Error"". Please try to fix it as there are many clients of CBE using this app globally from abroad countries.",3,2025-09-21,CBE,Google Play,com.combanketh.mobilebanking,the app was great while it was active however after the app did an update i lost connection with a message network error please try to fix it as there are many clients of cbe using this app globally from abroad countries,NEGATIVE,0.9968648552894592,Crashes/Bugs,Other
very important app,4,2025-09-21,CBE,Google Play,com.combanketh.mobilebanking,very important app,POSITIVE,0.9995480179786682,Other,Other
the best of all mobile banking in Ethiopia works perfectly fine,5,2025-09-21,CBE,Google Play,com.combanketh.mobilebanking,the best of all mobile banking in ethiopia works perfectly fine,POSITIVE,0.9998689889907836,Other,Other
DANTRO BAND!!!,5,2025-09-21,CBE,Google Play,com.combanketh.mobilebanking,dantro band,POSITIVE,0.8824520111083984,Other,Other
some time when make transfer from Mobile account to other cbebirr wallet no show customer name so please check it......thanks my cbe.. cbebirr application very nice application wallet,5,2025-09-20,CBE,Google Play,com.combanketh.mobilebanking,some time when make transfer from mobile account to other cbebirr wallet no show customer name so please check it thanks my cbe cbebirr application very nice application wallet,POSITIVE,0.9981189370155334,Other,Other
this app is very useful but sometimes when you want to see specific transactions it didn't work so that way i gave 3,3,2025-09-20,CBE,Google Play,com.combanketh.mobilebanking,this app is very useful but sometimes when you want to see specific transactions it didn t work so that way i gave 3,NEGATIVE,0.994882583618164,Other,Other
why i must visit the branch i opened my account to activate the mobile banking services? if it a connected network it maybe done from any branch.,1,2025-09-20,CBE,Google Play,com.combanketh.mobilebanking,why i must visit the branch i opened my account to activate the mobile banking services if it a connected network it maybe done from any branch,NEGATIVE,0.9964146614074708,Support,Other
አሪፍ ነው አሁን ደግሞ እስክሪን ሹት ማረግ በመቻሌ ደግብሎኛል,5,2025-09-20,CBE,Google Play,com.combanketh.mobilebanking,,POSITIVE,0.7481208443641663,Other,Other
asfaw damse,5,2025-09-19,CBE,Google Play,com.combanketh.mobilebanking,asfaw damse,NEGATIVE,0.9871633052825928,Other,Other
jabadhaa namatii tolataan,5,2025-09-19,CBE,Google Play,com.combanketh.mobilebanking,jabadhaa namatii tolataan,NEGATIVE,0.962352991104126,Other,Other
"The App is very good in its interface and user friendly. But it could be a pro app had it had additional feature that let us run multiple accounts on a single phone with an option of ""additional"" account!",3,2025-09-19,CBE,Google Play,com.combanketh.mobilebanking,the app is very good in its interface and user friendly but it could be a pro app had it had additional feature that let us run multiple accounts on a single phone with an option of additional account,NEGATIVE,0.9770382642745972,Features/UI,Other
The app is user friendly. But i want some amendment or include option of sending money to other tele birr like other cbe birr.,4,2025-09-18,CBE,Google Play,com.combanketh.mobilebanking,the app is user friendly but i want some amendment or include option of sending money to other tele birr like other cbe birr,NEGATIVE,0.9955772161483764,Other,Other
Truly amazing!,5,2025-09-18,CBE,Google Play,com.combanketh.mobilebanking,truly amazing,POSITIVE,0.9998822212219238,Other,Other
Doesn't have option to generate statement for transactions,3,2025-09-18,CBE,Google Play,com.combanketh.mobilebanking,doesn t have option to generate statement for transactions,NEGATIVE,0.9943239688873292,Other,Other
😎,5,2025-09-17,CBE,Google Play,com.combanketh.mobilebanking,,POSITIVE,0.7481208443641663,Other,Other
JanaleBl,5,2025-09-17,CBE,Google Play,com.combanketh.mobilebanking,janalebl,POSITIVE,0.9632813930511476,Other,Other
nice application,5,2025-09-17,CBE,Google Play,com.combanketh.mobilebanking,nice application,POSITIVE,0.9998229146003724,Other,Other
WaaaaaaaW,1,2025-09-17,CBE,Google Play,com.combanketh.mobilebanking,waaaaaaaw,NEGATIVE,0.9848952293395996,Other,Other
very nice,5,2025-09-16,CBE,Google Play,com.combanketh.mobilebanking,very nice,POSITIVE,0.9998563528060912,Other,Other
Of,5,2025-09-16,CBE,Google Play,com.combanketh.mobilebanking,of,POSITIVE,0.9193395972251892,Other,Other
it's best app to use recently and upgraded day to day for internationalization,4,2025-09-16,CBE,Google Play,com.combanketh.mobilebanking,it s best app to use recently and upgraded day to day for internationalization,POSITIVE,0.9978458881378174,Other,Other
Easy to use and not Complicated 👍,5,2025-09-15,CBE,Google Play,com.combanketh.mobilebanking,easy to use and not complicated,NEGATIVE,0.6774908304214478,Other,Other
apdat the app,5,2025-09-14,CBE,Google Play,com.combanketh.mobilebanking,apdat the app,NEGATIVE,0.9424067139625548,Other,Other
good in bankin at any time & any where.,5,2025-09-13,CBE,Google Play,com.combanketh.mobilebanking,good in bankin at any time any where,POSITIVE,0.9995892643928528,Other,Other
great,5,2025-09-13,CBE,Google Play,com.combanketh.mobilebanking,great,POSITIVE,0.9998630285263062,Other,Other
"WHAT A USELESS APP! Transfers, wallet payments, other banks — nothing works. Updated, restarted, cleared cache, reinstalled — still useless. Crashed and forced me to visit a branch just to log in 3 times. One of the biggest banks in the country can’t fix issues a junior developer could solve. Completely unreliable. Big bank , Zero functionality!",1,2025-09-13,CBE,Google Play,com.combanketh.mobilebanking,what a useless app transfers wallet payments other banks nothing works updated restarted cleared cache reinstalled still useless crashed and forced me to visit a branch just to log in 3 times one of the biggest banks in the country can t fix issues a junior developer could solve completely unreliable big bank zero functionality,NEGATIVE,0.999763548374176,Crashes/Bugs,Other
it is best to me,1,2025-09-13,CBE,Google Play,com.combanketh.mobilebanking,it is best to me,POSITIVE,0.9966468214988708,Other,Other
hayizgi mebrahtom feshay,5,2025-09-13,CBE,Google Play,com.combanketh.mobilebanking,hayizgi mebrahtom feshay,NEGATIVE,0.6387801766395569,Other,Other
Excellent app,5,2025-09-12,CBE,Google Play,com.combanketh.mobilebanking,excellent app,POSITIVE,0.9998356103897096,Other,Other
after apdate the app doesn't work any thing else it said enable to connects,1,2025-09-12,CBE,Google Play,com.combanketh.mobilebanking,after apdate the app doesn t work any thing else it said enable to connects,NEGATIVE,0.9994279742240906,Other,Other
love,5,2025-09-12,CBE,Google Play,com.combanketh.mobilebanking,love,POSITIVE,0.9998735189437866,Other,Other
Hasasa bank,1,2025-09-11,CBE,Google Play,com.combanketh.mobilebanking,hasasa bank,POSITIVE,0.8199577927589417,Other,Other
All ways Trusted.,5,2025-09-11,CBE,Google Play,com.combanketh.mobilebanking,all ways trusted,POSITIVE,0.9990240335464478,Other,Other
best MB application in Ethiopia financial sector.,5,2025-09-11,CBE,Google Play,com.combanketh.mobilebanking,best mb application in ethiopia financial sector,POSITIVE,0.9987201690673828,Other,Other
I like this app,5,2025-09-11,CBE,Google Play,com.combanketh.mobilebanking,i like this app,POSITIVE,0.9996516704559326,Other,Other
am tired why I have to update every 5 day,1,2025-09-11,CBE,Google Play,com.combanketh.mobilebanking,am tired why i have to update every 5 day,NEGATIVE,0.9996090531349182,Other,Other
usb debugig mode bicha off endidereg axrigu like awash bank,1,2025-09-10,CBE,Google Play,com.combanketh.mobilebanking,usb debugig mode bicha off endidereg axrigu like awash bank,NEGATIVE,0.9974377155303956,Crashes/Bugs,Other
good morning 🙏,5,2025-09-10,CBE,Google Play,com.combanketh.mobilebanking,good morning,POSITIVE,0.9998325109481812,Other,Other
am happy 😃,5,2025-09-09,CBE,Google Play,com.combanketh.mobilebanking,am happy,POSITIVE,0.999875545501709,Other,Other
wowww,5,2025-09-08,CBE,Google Play,com.combanketh.mobilebanking,wowww,POSITIVE,0.9972698092460632,Other,Other
KEHRU nasir AbFIXA,5,2025-09-08,CBE,Google Play,com.combanketh.mobilebanking,kehru nasir abfixa,POSITIVE,0.8188510537147522,Other,Other
It is well organized.,5,2025-09-08,CBE,Google Play,com.combanketh.mobilebanking,it is well organized,POSITIVE,0.999872088432312,Other,Other
Can't see the nearest Branch or ATM available,2,2025-09-08,CBE,Google Play,com.combanketh.mobilebanking,can t see the nearest branch or atm available,NEGATIVE,0.9920233488082886,Other,Other
the app does not open,1,2025-09-07,CBE,Google Play,com.combanketh.mobilebanking,the app does not open,NEGATIVE,0.9997572302818298,Other,Other
from Monk,3,2025-09-06,CBE,Google Play,com.combanketh.mobilebanking,from monk,POSITIVE,0.939874231815338,Other,Other
"Amazing, Delightful and Seamless Mobile Banking Application, I have ever Experienced!! Indeed, I feel Great Proud to be part of your Stakeholder! My First Choice Bank, Commercial Bank of Ethiopia, The Pioneer and Leading in Digital Banking Services in Ethiopia! Five stars ⭐⭐⭐⭐⭐ are little to you! Thank you so much🙏",5,2025-09-06,CBE,Google Play,com.combanketh.mobilebanking,amazing delightful and seamless mobile banking application i have ever experienced indeed i feel great proud to be part of your stakeholder my first choice bank commercial bank of ethiopia the pioneer and leading in digital banking services in ethiopia five stars are little to you thank you so much,POSITIVE,0.9997475743293762,Support,Other
incredible,5,2025-09-06,CBE,Google Play,com.combanketh.mobilebanking,incredible,POSITIVE,0.99987530708313,Other,Other
የዚህ አፕ ተጠቃሚ ነበርኩ ያለሁት ከሀገር ውጭ ነው እና እየተጠቀምኩበት ሳለ አብደት አድርጊ አለኝ ሳረገው ፓስወርድ እንዴ አድስ ጠየቀኝ እንዴው እኔ አለሁበት ሀገር ሆኘ መስተካከል ከቻለ ተባበሩኝ በጣም አስፈላጊዬ ነው ::,5,2025-09-05,CBE,Google Play,com.combanketh.mobilebanking,,POSITIVE,0.7481208443641663,Other,Other
it's the best money transfer app ever,5,2025-09-05,CBE,Google Play,com.combanketh.mobilebanking,it s the best money transfer app ever,POSITIVE,0.9997095465660096,Other,Other
it is nice,5,2025-09-05,CBE,Google Play,com.combanketh.mobilebanking,it is nice,POSITIVE,0.9998648166656494,Other,Other
user friendly. best.,5,2025-09-05,CBE,Google Play,com.combanketh.mobilebanking,user friendly best,POSITIVE,0.998828947544098,Other,Other
🙏,5,2025-09-05,CBE,Google Play,com.combanketh.mobilebanking,,POSITIVE,0.7481208443641663,Other,Other
አሪፍ,5,2025-09-05,CBE,Google Play,com.combanketh.mobilebanking,,POSITIVE,0.7481208443641663,Other,Other
best app!!!,5,2025-09-05,CBE,Google Play,com.combanketh.mobilebanking,best app,POSITIVE,0.999686598777771,Other,Other
"It is good app and really user friendly , but it not possible to start service after the app is uninstalled or device phone is changed. So please make it easy for us, after once you set us the requirements in your office we should have to use it only by install and launch it. We do not have to visit the near by branch office every time for such silly businesses but important things. in addition to that why is that for hidding senders name or account number How can I know who tranfers to me???",4,2025-09-05,CBE,Google Play,com.combanketh.mobilebanking,it is good app and really user friendly but it not possible to start service after the app is uninstalled or device phone is changed so please make it easy for us after once you set us the requirements in your office we should have to use it only by install and launch it we do not have to visit the near by branch office every time for such silly businesses but important things in addition to that why is that for hidding senders name or account number how can i know who tranfers to me,NEGATIVE,0.9680159091949464,Features/UI,Other
very good app,5,2025-09-05,CBE,Google Play,com.combanketh.mobilebanking,very good app,POSITIVE,0.9998675584793092,Other,Other
jabirabdala,5,2025-09-04,CBE,Google Play,com.combanketh.mobilebanking,jabirabdala,NEGATIVE,0.9328044652938844,Other,Other
unfair cost of transportations... what a shame!!!,1,2025-09-04,CBE,Google Play,com.combanketh.mobilebanking,unfair cost of transportations what a shame,NEGATIVE,0.999750792980194,Other,Other
"I think it is a good app to use easily. However, I have one more comment: the app does not automatically sync or update the balance in real time. Please review this issue. For example, when someone transfers money, the receiver's app does not sync automatically. It requires the user to manually initiate an update to see the current balance.",4,2025-09-04,CBE,Google Play,com.combanketh.mobilebanking,i think it is a good app to use easily however i have one more comment the app does not automatically sync or update the balance in real time please review this issue for example when someone transfers money the receiver s app does not sync automatically it requires the user to manually initiate an update to see the current balance,NEGATIVE,0.9946133494377136,Features/UI,Other
WAW!!! I AM PROUD!!! MY STRONG BANK WORKS AT BEST EVEN IN A REMOTE LOCATION HERE IN MALABO (ECUATORIAL GUINEA). MEWOLID MUBARAK CBE!!!,5,2025-09-04,CBE,Google Play,com.combanketh.mobilebanking,waw i am proud my strong bank works at best even in a remote location here in malabo ecuatorial guinea mewolid mubarak cbe,POSITIVE,0.999509572982788,Features/UI,Other
zinaa Ahmed,5,2025-09-04,CBE,Google Play,com.combanketh.mobilebanking,zinaa ahmed,POSITIVE,0.9246603846549988,Other,Other
absolutely excellent,5,2025-09-03,CBE,Google Play,com.combanketh.mobilebanking,absolutely excellent,POSITIVE,0.99985933303833,Other,Other
amazing app,5,2025-09-03,CBE,Google Play,com.combanketh.mobilebanking,amazing app,POSITIVE,0.9998670816421508,Other,Other
perfect and easy,5,2025-09-03,CBE,Google Play,com.combanketh.mobilebanking,perfect and easy,POSITIVE,0.9998718500137328,Other,Other
fastest,5,2025-09-03,CBE,Google Play,com.combanketh.mobilebanking,fastest,POSITIVE,0.9991610050201416,Other,Other
My account is not working,4,2025-09-03,CBE,Google Play,com.combanketh.mobilebanking,my account is not working,NEGATIVE,0.9997815489768982,Other,Other
The recent update is not optimized fir latest version of android,2,2025-09-02,CBE,Google Play,com.combanketh.mobilebanking,the recent update is not optimized fir latest version of android,NEGATIVE,0.999637246131897,Other,Other
topp,5,2025-09-01,CBE,Google Play,com.combanketh.mobilebanking,topp,POSITIVE,0.9706206321716307,Other,Other
I appreciate it,5,2025-09-01,CBE,Google Play,com.combanketh.mobilebanking,i appreciate it,POSITIVE,0.999839186668396,Other,Other
v.good app,5,2025-09-01,CBE,Google Play,com.combanketh.mobilebanking,v good app,POSITIVE,0.9978657364845276,Other,Other
sahib amin jamal,1,2025-08-30,CBE,Google Play,com.combanketh.mobilebanking,sahib amin jamal,POSITIVE,0.8987877368927002,Other,Other
installi,5,2025-08-30,CBE,Google Play,com.combanketh.mobilebanking,installi,NEGATIVE,0.9575467109680176,Other,Other
very good apps,5,2025-08-30,CBE,Google Play,com.combanketh.mobilebanking,very good apps,POSITIVE,0.9998751878738404,Other,Other
👍👍👍👍,1,2025-08-30,CBE,Google Play,com.combanketh.mobilebanking,,POSITIVE,0.7481208443641663,Other,Other
the app say it is not compatible with ur phone can u fix it it is not updating.,1,2025-08-30,CBE,Google Play,com.combanketh.mobilebanking,the app say it is not compatible with ur phone can u fix it it is not updating,NEGATIVE,0.9997860789299012,Other,Other
"I would like to give you some feedback on Current update, its very nice and easy to use👍 but in some button there is still not improved For example while iwant to check my recent Txn it not well sequenced and arranged or some txn may not appear ... becouse of this i see many of users of this app discomferted maily merchants and those make High txn daily. improve and miximize the txn shown to 300 up to 500. make Searchable Recent txn button! All in all the bank i Relly on! CBE my bank !",5,2025-08-29,CBE,Google Play,com.combanketh.mobilebanking,i would like to give you some feedback on current update its very nice and easy to use but in some button there is still not improved for example while iwant to check my recent txn it not well sequenced and arranged or some txn may not appear becouse of this i see many of users of this app discomferted maily merchants and those make high txn daily improve and miximize the txn shown to 300 up to 500 make searchable recent txn button all in all the bank i relly on cbe my bank,NEGATIVE,0.9975982308387756,Other,Other
tinishu titiba,5,2025-08-29,CBE,Google Play,com.combanketh.mobilebanking,tinishu titiba,NEGATIVE,0.7159718871116638,Other,Other
"essy to use ,has great interface and user-friendly g",5,2025-08-29,CBE,Google Play,com.combanketh.mobilebanking,essy to use has great interface and user friendly g,POSITIVE,0.9994834661483764,Features/UI,Other
Yuuuuu,5,2025-08-29,CBE,Google Play,com.combanketh.mobilebanking,yuuuuu,NEGATIVE,0.9227678775787354,Other,Other
I found it very much friendly,5,2025-08-29,CBE,Google Play,com.combanketh.mobilebanking,i found it very much friendly,POSITIVE,0.9997764229774476,Other,Other
"Very useful app, while we use CBE.",5,2025-08-28,CBE,Google Play,com.combanketh.mobilebanking,very useful app while we use cbe,POSITIVE,0.998753786087036,Other,Other
woooow,5,2025-08-28,CBE,Google Play,com.combanketh.mobilebanking,woooow,POSITIVE,0.9561602473258972,Other,Other
Redmi,1,2025-08-28,CBE,Google Play,com.combanketh.mobilebanking,redmi,POSITIVE,0.9882866740226746,Other,Other
አርፍ ነው ነገር ግን ሴብ ያረገውን አካውንት እያጠፋብን ነው,5,2025-08-28,CBE,Google Play,com.combanketh.mobilebanking,,POSITIVE,0.7481208443641663,Other,Other
kamil aweil,5,2025-08-28,CBE,Google Play,com.combanketh.mobilebanking,kamil aweil,POSITIVE,0.9943663477897644,Other,Other
In your next update can you come with night mode future,5,2025-08-27,CBE,Google Play,com.combanketh.mobilebanking,in your next update can you come with night mode future,NEGATIVE,0.6754574179649353,Other,Other
"Truly, super competitive when compared to a well known app nowadays functioning broadly by simplest features and means namely known as Telebirr super app, Thus, CBE is my top ultimate choice that I prefer over the other bank due to its beautiful power of lead as a result I could recommend CBE to others because of its service provision via ethical principles and practice for customers satisfaction with existence of constraints and challenges face from burglary and froudalent hacker. Thank you !",5,2025-08-27,CBE,Google Play,com.combanketh.mobilebanking,truly super competitive when compared to a well known app nowadays functioning broadly by simplest features and means namely known as telebirr super app thus cbe is my top ultimate choice that i prefer over the other bank due to its beautiful power of lead as a result i could recommend cbe to others because of its service provision via ethical principles and practice for customers satisfaction with existence of constraints and challenges face from burglary and froudalent hacker thank you,POSITIVE,0.9991533756256104,Features/UI,Other
mayreba app you its better if you use other banks,1,2025-08-27,CBE,Google Play,com.combanketh.mobilebanking,mayreba app you its better if you use other banks,NEGATIVE,0.9957265853881836,Other,Other
Not Prefect Transfer To Other Bank The Mony Not Deliverd Imidetliy Take Three Or Five Days,1,2025-08-27,CBE,Google Play,com.combanketh.mobilebanking,not prefect transfer to other bank the mony not deliverd imidetliy take three or five days,NEGATIVE,0.9938230514526368,Other,Other
let us know before you shut down the app,4,2025-08-27,CBE,Google Play,com.combanketh.mobilebanking,let us know before you shut down the app,NEGATIVE,0.9973037242889404,Other,Other
excited,5,2025-08-27,CBE,Google Play,com.combanketh.mobilebanking,excited,POSITIVE,0.9997768998146056,Other,Other
amizing,5,2025-08-26,CBE,Google Play,com.combanketh.mobilebanking,amizing,NEGATIVE,0.9881719946861268,Other,Other
love it,5,2025-08-26,CBE,Google Play,com.combanketh.mobilebanking,love it,POSITIVE,0.99987530708313,Other,Other
yes it is v good,5,2025-08-26,CBE,Google Play,com.combanketh.mobilebanking,yes it is v good,POSITIVE,0.9994988441467284,Other,Other
A great update in the Mobile Banking Application. Thanks for the System and customization department,5,2025-08-26,CBE,Google Play,com.combanketh.mobilebanking,a great update in the mobile banking application thanks for the system and customization department,POSITIVE,0.998874843120575,Other,Other
this app is smart.,5,2025-08-26,CBE,Google Play,com.combanketh.mobilebanking,this app is smart,POSITIVE,0.9998337030410768,Other,Other
I am happy,5,2025-08-26,CBE,Google Play,com.combanketh.mobilebanking,i am happy,POSITIVE,0.9998801946640016,Other,Other
Still I have not face critical problems sometimes delay to open,4,2025-08-25,CBE,Google Play,com.combanketh.mobilebanking,still i have not face critical problems sometimes delay to open,POSITIVE,0.9847297072410583,Performance,Other
ጤና ከድረ,5,2025-08-25,CBE,Google Play,com.combanketh.mobilebanking,,POSITIVE,0.7481208443641663,Other,Other
The connection between bank and the app is lag relationship this must be corrected.,4,2025-08-25,CBE,Google Play,com.combanketh.mobilebanking,the connection between bank and the app is lag relationship this must be corrected,NEGATIVE,0.999610960483551,Performance,Other
I have forgotten mobail banking password,5,2025-08-25,CBE,Google Play,com.combanketh.mobilebanking,i have forgotten mobail banking password,NEGATIVE,0.99432772397995,Login/Access,Other
Thank you,5,2025-08-25,CBE,Google Play,com.combanketh.mobilebanking,thank you,POSITIVE,0.9998352527618408,Other,Other
muktaar Abraahim,5,2025-08-25,CBE,Google Play,com.combanketh.mobilebanking,muktaar abraahim,NEGATIVE,0.9458083510398864,Other,Other
🤞Good One,5,2025-08-24,CBE,Google Play,com.combanketh.mobilebanking,good one,POSITIVE,0.9998288154602052,Other,Other
why does it say change pin to 6 digits is that right?,4,2025-08-24,CBE,Google Play,com.combanketh.mobilebanking,why does it say change pin to 6 digits is that right,POSITIVE,0.9996633529663086,Other,Other
One of the worst mobile banking apps in Ethiopia. You can't access your txn record for more than 2 weeks.,1,2025-08-24,CBE,Google Play,com.combanketh.mobilebanking,one of the worst mobile banking apps in ethiopia you can t access your txn record for more than 2 weeks,NEGATIVE,0.9996987581253052,Other,Other
i like it and aprshat.,4,2025-08-23,CBE,Google Play,com.combanketh.mobilebanking,i like it and aprshat,POSITIVE,0.9995792508125304,Other,Other
"The app has some issues I updated recently and now I am not able to send funds to my telebirr wallet, also we need to have a place we save our contacts where we usually send money to, after update I keep loosing all the important accounts.",4,2025-08-23,CBE,Google Play,com.combanketh.mobilebanking,the app has some issues i updated recently and now i am not able to send funds to my telebirr wallet also we need to have a place we save our contacts where we usually send money to after update i keep loosing all the important accounts,NEGATIVE,0.9993546605110168,Other,Other
best app and easy to use,5,2025-08-23,CBE,Google Play,com.combanketh.mobilebanking,best app and easy to use,POSITIVE,0.9996281862258912,Other,Other
doesn't work unless with data doesn't refresh fast other wise functions ok but after the update transferring to telebirr is not working,2,2025-08-23,CBE,Google Play,com.combanketh.mobilebanking,doesn t work unless with data doesn t refresh fast other wise functions ok but after the update transferring to telebirr is not working,NEGATIVE,0.9990745782852172,Other,Other
List of transactions can't load over months and years..,1,2025-08-23,CBE,Google Play,com.combanketh.mobilebanking,list of transactions can t load over months and years,POSITIVE,0.6324449181556702,Other,Other
transferring money to telebirr is not working,1,2025-08-23,CBE,Google Play,com.combanketh.mobilebanking,transferring money to telebirr is not working,NEGATIVE,0.9997877478599548,Other,Other
I don't Like this app and there service fee is highl,5,2025-08-23,CBE,Google Play,com.combanketh.mobilebanking,i don t like this app and there service fee is highl,NEGATIVE,0.9943201541900636,Support,Other
አዲሱ Update ጥሩ አይደለም. Update ካደረግኩት በኋላ ከዚህ በፊት ስላላክባቸው የነበሩትን Save አድርጎ ይዞት የነበረውን ሁሉንም የሰዎች አካውንቶች አጥፍቶብኛል.,2,2025-08-23,CBE,Google Play,com.combanketh.mobilebanking,update update save,POSITIVE,0.9000074863433838,Other,Other
this application do not show over all transaction history,3,2025-08-23,CBE,Google Play,com.combanketh.mobilebanking,this application do not show over all transaction history,NEGATIVE,0.9990196228027344,Other,Other
this app is very nice but statment history is very shiort atlist add 15 days,4,2025-08-23,CBE,Google Play,com.combanketh.mobilebanking,this app is very nice but statment history is very shiort atlist add 15 days,NEGATIVE,0.9775184988975524,Other,Other
Very disappointing application. it's getting worst by the day. both Amole and their super app. Just abysmal. Very sad.,1,2025-10-31,Dashen,Google Play,com.cr2.amolelight,very disappointing application it s getting worst by the day both amole and their super app just abysmal very sad,NEGATIVE,0.999817669391632,Other,Other
"Banking made simple, smart, and safe.",5,2025-10-28,Dashen,Google Play,com.cr2.amolelight,banking made simple smart and safe,POSITIVE,0.9998164772987366,Other,Other
It is the best of all i liked it i used it almost 2 years. As a idea i ask dashen bank system officier please make it self registerable app,5,2025-10-27,Dashen,Google Play,com.cr2.amolelight,it is the best of all i liked it i used it almost 2 years as a idea i ask dashen bank system officier please make it self registerable app,NEGATIVE,0.9897655248641968,Other,Other
gngu,5,2025-10-20,Dashen,Google Play,com.cr2.amolelight,gngu,NEGATIVE,0.911952018737793,Other,Other
"The app is very good , but it does not tell the account number to which transfer is made and the transfer reciever also does not know from whom the transaction was made.Moreover it requires frequent update within short period. Hence improve it accordingly.",4,2025-09-09,Dashen,Google Play,com.cr2.amolelight,the app is very good but it does not tell the account number to which transfer is made and the transfer reciever also does not know from whom the transaction was made moreover it requires frequent update within short period hence improve it accordingly,POSITIVE,0.8915618062019348,Features/UI,Other
"The best app and easy to use. The only draw back, it has no password reset option without going to brach. Pls modify it.",3,2025-08-24,Dashen,Google Play,com.cr2.amolelight,the best app and easy to use the only draw back it has no password reset option without going to brach pls modify it,POSITIVE,0.9902341365814208,Login/Access,Other
Please enable the app for sreen shoot,1,2025-08-18,Dashen,Google Play,com.cr2.amolelight,please enable the app for sreen shoot,POSITIVE,0.9716950058937072,Other,Other
good,3,2025-08-11,Dashen,Google Play,com.cr2.amolelight,good,POSITIVE,0.999816119670868,Other,Other
the best mobile banking app in Ethiopia,5,2025-07-19,Dashen,Google Play,com.cr2.amolelight,the best mobile banking app in ethiopia,POSITIVE,0.9997679591178894,Other,Other
ግኡድ app,5,2025-07-17,Dashen,Google Play,com.cr2.amolelight,app,POSITIVE,0.9684572219848632,Other,Other
nice app,5,2025-07-16,Dashen,Google Play,com.cr2.amolelight,nice app,POSITIVE,0.9998061060905457,Other,Other
it's awesome application but there is no available card less système,5,2025-07-11,Dashen,Google Play,com.cr2.amolelight,it s awesome application but there is no available card less syst me,NEGATIVE,0.9786229133605956,Other,Other
The app suddenly stops,1,2025-06-12,Dashen,Google Play,com.cr2.amolelight,the app suddenly stops,NEGATIVE,0.9990180730819702,Other,Other
it is even super than super app,5,2025-06-12,Dashen,Google Play,com.cr2.amolelight,it is even super than super app,POSITIVE,0.9946674108505248,Other,Other
It would be more helpful if a/c no used for transfer are saved and usable for any future time transfers,4,2025-06-10,Dashen,Google Play,com.cr2.amolelight,it would be more helpful if a c no used for transfer are saved and usable for any future time transfers,NEGATIVE,0.998935878276825,Support,Other
truly one step ahead,4,2025-06-09,Dashen,Google Play,com.cr2.amolelight,truly one step ahead,POSITIVE,0.999823033809662,Other,Other
best,5,2025-06-05,Dashen,Google Play,com.cr2.amolelight,best,POSITIVE,0.9997941851615906,Other,Other
nice application,4,2025-05-27,Dashen,Google Play,com.cr2.amolelight,nice application,POSITIVE,0.9998229146003724,Other,Other
bast smart bank sistem dashen amole dashen bamk,5,2025-05-17,Dashen,Google Play,com.cr2.amolelight,bast smart bank sistem dashen amole dashen bamk,POSITIVE,0.979609191417694,Other,Other
best app,5,2025-05-16,Dashen,Google Play,com.cr2.amolelight,best app,POSITIVE,0.999686598777771,Other,Other
ለአጠቃቀም እጅግ ቀላልና ድህንነቱ የተጠበቀ ነው።,5,2025-05-16,Dashen,Google Play,com.cr2.amolelight,,POSITIVE,0.7481208443641663,Other,Other
"Worst app possible, I don't think it gets worse than this. Least user friendly process to exchange your own money, far too many hurdles you have to get past to make a simple money transfer. Even after getting past all the hurdles you are restricted with a min and I believe a max amount of your own money you have access to, not to mention time restrictions; I wasn't able to access my money past midnight multiple times. You can't change tab to another app, having opened this without it crashing.",1,2025-05-15,Dashen,Google Play,com.cr2.amolelight,worst app possible i don t think it gets worse than this least user friendly process to exchange your own money far too many hurdles you have to get past to make a simple money transfer even after getting past all the hurdles you are restricted with a min and i believe a max amount of your own money you have access to not to mention time restrictions i wasn t able to access my money past midnight multiple times you can t change tab to another app having opened this without it crashing,NEGATIVE,0.9995580315589904,Crashes/Bugs,Other
I'm a Dashen Bank customer as I know its function and duty. Thanks.,5,2025-05-15,Dashen,Google Play,com.cr2.amolelight,i m a dashen bank customer as i know its function and duty thanks,POSITIVE,0.9737170934677124,Other,Other
Amole is the digital mobile application what i prefer.,5,2025-05-15,Dashen,Google Play,com.cr2.amolelight,amole is the digital mobile application what i prefer,POSITIVE,0.9742733836174012,Other,Other
nice,4,2025-05-12,Dashen,Google Play,com.cr2.amolelight,nice,POSITIVE,0.9998552799224854,Other,Other
best mobile banking app👍,5,2025-05-10,Dashen,Google Play,com.cr2.amolelight,best mobile banking app,POSITIVE,0.9997095465660096,Other,Other
Complicated and fake app,1,2025-04-29,Dashen,Google Play,com.cr2.amolelight,complicated and fake app,NEGATIVE,0.9995527863502502,Other,Other
Its Good updation from Previous,3,2025-04-25,Dashen,Google Play,com.cr2.amolelight,its good updation from previous,POSITIVE,0.9963968396186828,Other,Other
yarid dima,5,2025-04-17,Dashen,Google Play,com.cr2.amolelight,yarid dima,NEGATIVE,0.9857510328292848,Other,Other
Best app,5,2025-04-13,Dashen,Google Play,com.cr2.amolelight,best app,POSITIVE,0.999686598777771,Other,Other
"Requires updates too frequently, often has server related issues, the fingerprint always requires updating, it's the most unreliable app I've used and always fails when you want to make urgent payments.",2,2025-04-10,Dashen,Google Play,com.cr2.amolelight,requires updates too frequently often has server related issues the fingerprint always requires updating it s the most unreliable app i ve used and always fails when you want to make urgent payments,NEGATIVE,0.9995492100715636,Features/UI,Other
dashin,3,2025-04-07,Dashen,Google Play,com.cr2.amolelight,dashin,POSITIVE,0.999108612537384,Other,Other
disappointed because of option to transfer cash on telebirr is limited for self only.... those and other similar given choices by the bank used us to choose this bank over others! no doubt I will be not preferring this bank with no unique incentives.,1,2025-03-29,Dashen,Google Play,com.cr2.amolelight,disappointed because of option to transfer cash on telebirr is limited for self only those and other similar given choices by the bank used us to choose this bank over others no doubt i will be not preferring this bank with no unique incentives,NEGATIVE,0.99965238571167,Other,Other
everything is perfect,5,2025-03-29,Dashen,Google Play,com.cr2.amolelight,everything is perfect,POSITIVE,0.9998743534088136,Other,Other
Dashin Bank#1,5,2025-03-20,Dashen,Google Play,com.cr2.amolelight,dashin bank 1,POSITIVE,0.991787612438202,Other,Other
Both Amole & Dashen superApp are by far the worst mobile banking apps i have ever came across. if only there is 0 star option,1,2025-03-18,Dashen,Google Play,com.cr2.amolelight,both amole dashen superapp are by far the worst mobile banking apps i have ever came across if only there is 0 star option,NEGATIVE,0.9996918439865112,Other,Other
"funny app, so much gymnastics just to be an app for sending and receiving money.",3,2025-03-18,Dashen,Google Play,com.cr2.amolelight,funny app so much gymnastics just to be an app for sending and receiving money,POSITIVE,0.9286968111991882,Other,Other
I use this app so many times so i like it,5,2025-03-17,Dashen,Google Play,com.cr2.amolelight,i use this app so many times so i like it,POSITIVE,0.9994094371795654,Other,Other
Why did u change the option to transfer to other tellebirr account,1,2025-03-17,Dashen,Google Play,com.cr2.amolelight,why did u change the option to transfer to other tellebirr account,NEGATIVE,0.998162806034088,Other,Other
It's nice and simple to use app.,5,2025-03-16,Dashen,Google Play,com.cr2.amolelight,it s nice and simple to use app,POSITIVE,0.9998371601104736,Other,Other
Just 👍,5,2025-03-15,Dashen,Google Play,com.cr2.amolelight,just,POSITIVE,0.8226310014724731,Other,Other
Not god its,5,2025-03-14,Dashen,Google Play,com.cr2.amolelight,not god its,NEGATIVE,0.9877737164497375,Other,Other
Regarding Internet banking i really choice a Dashen Bank and I have one recommendation for app developer shall considere the low android level means 4-6 android to adress all types of android users because now a days the current updated app can't support such android.Thanks!!!,5,2025-03-08,Dashen,Google Play,com.cr2.amolelight,regarding internet banking i really choice a dashen bank and i have one recommendation for app developer shall considere the low android level means 4 6 android to adress all types of android users because now a days the current updated app can t support such android thanks,NEGATIVE,0.9956949949264526,Support,Other
It doesn't work,1,2025-03-02,Dashen,Google Play,com.cr2.amolelight,it doesn t work,NEGATIVE,0.9997851252555848,Other,Other
ምርጥ,5,2025-02-28,Dashen,Google Play,com.cr2.amolelight,,POSITIVE,0.7481208443641663,Other,Other
Best,5,2025-02-26,Dashen,Google Play,com.cr2.amolelight,best,POSITIVE,0.9997941851615906,Other,Other
Please the update is refused to be download on my phone tecno f1. Please solve this issue ASAP,1,2025-02-26,Dashen,Google Play,com.cr2.amolelight,please the update is refused to be download on my phone tecno f1 please solve this issue asap,NEGATIVE,0.9981535077095032,Other,Other
Excellent app,5,2025-02-24,Dashen,Google Play,com.cr2.amolelight,excellent app,POSITIVE,0.9998356103897096,Other,Other
"Very poor service, always not responding when ever we need to transfer I rate it 0 !",1,2025-02-23,Dashen,Google Play,com.cr2.amolelight,very poor service always not responding when ever we need to transfer i rate it 0,NEGATIVE,0.999799907207489,Support,Other
The recent update is broken. It diesn't allow to take screen shots (which by it self is not a problem) and the share button of a transaction doesn't work nor it will download the transaction receipt. I know security is especially important for banking systems but such a huge limitations on functionality will not serve the app any good. I guess the super app is the way to go.,2,2025-02-21,Dashen,Google Play,com.cr2.amolelight,the recent update is broken it diesn t allow to take screen shots which by it self is not a problem and the share button of a transaction doesn t work nor it will download the transaction receipt i know security is especially important for banking systems but such a huge limitations on functionality will not serve the app any good i guess the super app is the way to go,NEGATIVE,0.9993661046028136,Other,Other
It is good but have so much problem ...even it say not compateble to your phone...it not easy for work ..,1,2025-02-20,Dashen,Google Play,com.cr2.amolelight,it is good but have so much problem even it say not compateble to your phone it not easy for work,POSITIVE,0.6662025451660156,Other,Other
Dashen bank ATM,5,2025-02-20,Dashen,Google Play,com.cr2.amolelight,dashen bank atm,POSITIVE,0.7306433320045471,Other,Other
Good,1,2025-02-18,Dashen,Google Play,com.cr2.amolelight,good,POSITIVE,0.999816119670868,Other,Other
Good Banking App,5,2025-02-17,Dashen,Google Play,com.cr2.amolelight,good banking app,POSITIVE,0.999841570854187,Other,Other
stay hamble,5,2025-02-14,Dashen,Google Play,com.cr2.amolelight,stay hamble,POSITIVE,0.9980903267860411,Other,Other
Great,5,2025-02-13,Dashen,Google Play,com.cr2.amolelight,great,POSITIVE,0.9998630285263062,Other,Other
ይሄ አሪፍ,2,2025-02-12,Dashen,Google Play,com.cr2.amolelight,,POSITIVE,0.7481208443641663,Other,Other
good app i like it but still i am confused because i cannot use prperly so Please check the app,3,2025-02-12,Dashen,Google Play,com.cr2.amolelight,good app i like it but still i am confused because i cannot use prperly so please check the app,POSITIVE,0.7858698964118958,Other,Other
Very slow and it seems it needs update everytime,1,2025-02-12,Dashen,Google Play,com.cr2.amolelight,very slow and it seems it needs update everytime,NEGATIVE,0.9995964169502258,Performance,Other
Nice,5,2025-02-11,Dashen,Google Play,com.cr2.amolelight,nice,POSITIVE,0.9998552799224854,Other,Other
Open app amole dashin,5,2025-02-10,Dashen,Google Play,com.cr2.amolelight,open app amole dashin,POSITIVE,0.984882652759552,Other,Other
Akiliua,5,2025-02-10,Dashen,Google Play,com.cr2.amolelight,akiliua,POSITIVE,0.9098019003868104,Other,Other
Perfiekt,5,2025-02-10,Dashen,Google Play,com.cr2.amolelight,perfiekt,NEGATIVE,0.835652232170105,Other,Other
Help,5,2025-02-08,Dashen,Google Play,com.cr2.amolelight,help,POSITIVE,0.9892712831497192,Support,Other
Good app,5,2025-02-08,Dashen,Google Play,com.cr2.amolelight,good app,POSITIVE,0.9998493194580078,Other,Other
A very fast mobile banking app,5,2025-02-07,Dashen,Google Play,com.cr2.amolelight,a very fast mobile banking app,POSITIVE,0.9989713430404664,Other,Other
Good job,5,2025-02-07,Dashen,Google Play,com.cr2.amolelight,good job,POSITIVE,0.999835729598999,Other,Other
It's nice and easy to use,5,2025-02-07,Dashen,Google Play,com.cr2.amolelight,it s nice and easy to use,POSITIVE,0.9998672008514404,Other,Other
Nice app,5,2025-02-07,Dashen,Google Play,com.cr2.amolelight,nice app,POSITIVE,0.9998061060905457,Other,Other
Good app i used it always,5,2025-02-07,Dashen,Google Play,com.cr2.amolelight,good app i used it always,POSITIVE,0.9998261332511902,Other,Other
It is very very slow pls update,2,2025-02-06,Dashen,Google Play,com.cr2.amolelight,it is very very slow pls update,NEGATIVE,0.9995800852775574,Performance,Other
Very slow and it seems that every update something else is not working. The latest update doesn't allow me to use biometrics anymore and maximum daily transfer to Telebirr is 5k?!,1,2025-02-04,Dashen,Google Play,com.cr2.amolelight,very slow and it seems that every update something else is not working the latest update doesn t allow me to use biometrics anymore and maximum daily transfer to telebirr is 5k,NEGATIVE,0.9997256398200988,Performance,Other
Good app Amole Wonderful,5,2025-02-01,Dashen,Google Play,com.cr2.amolelight,good app amole wonderful,POSITIVE,0.9998674392700196,Other,Other
This app needs many modifications. It takes long time to log in to the account. It is not as fast as CBE. please Update it🙏🙏🙏,1,2025-02-01,Dashen,Google Play,com.cr2.amolelight,this app needs many modifications it takes long time to log in to the account it is not as fast as cbe please update it,NEGATIVE,0.9994379878044128,Other,Other
"The app is cool, but unlike other banks they don't provide a receipt for mobile banking transactions, which makes it useless for payments that require receipt",2,2025-01-31,Dashen,Google Play,com.cr2.amolelight,the app is cool but unlike other banks they don t provide a receipt for mobile banking transactions which makes it useless for payments that require receipt,NEGATIVE,0.9905507564544678,Features/UI,Other
I am glad to customer with you .I have plan to use dube ale and amole.,5,2025-01-27,Dashen,Google Play,com.cr2.amolelight,i am glad to customer with you i have plan to use dube ale and amole,POSITIVE,0.9757484793663024,Other,Other
WOW that's awesome,5,2025-01-27,Dashen,Google Play,com.cr2.amolelight,wow that s awesome,POSITIVE,0.9998512268066406,Other,Other
I cant choose select an account,1,2025-01-26,Dashen,Google Play,com.cr2.amolelight,i cant choose select an account,NEGATIVE,0.9820990562438964,Other,Other
Good👍,5,2025-01-22,Dashen,Google Play,com.cr2.amolelight,good,POSITIVE,0.999816119670868,Other,Other
wow,5,2025-01-15,Dashen,Google Play,com.cr2.amolelight,wow,POSITIVE,0.999592125415802,Other,Other
we needs modification at all !,1,2025-01-14,Dashen,Google Play,com.cr2.amolelight,we needs modification at all,NEGATIVE,0.9976831674575806,Other,Other
It was good at first but now the system is very bad.please try to fix it.,1,2025-01-14,Dashen,Google Play,com.cr2.amolelight,it was good at first but now the system is very bad please try to fix it,NEGATIVE,0.9997342228889464,Other,Other
Generic error how tofix,4,2025-01-06,Dashen,Google Play,com.cr2.amolelight,generic error how tofix,NEGATIVE,0.999723255634308,Crashes/Bugs,Other
Fast and suitable to learn.,5,2025-01-04,Dashen,Google Play,com.cr2.amolelight,fast and suitable to learn,POSITIVE,0.9998342990875244,Features/UI,Other
"The app is extremely slow, often stuck on the logo. Security is poor, requiring only username/password. This allows unauthorized transactions. A large company like yours needs stronger security, such as two-factor authentication. The app's speed lags significantly compared to others. Numerous updates are needed to improve performance and security. Currently, it's a frustrating and time-wasting experience.",1,2025-01-03,Dashen,Google Play,com.cr2.amolelight,the app is extremely slow often stuck on the logo security is poor requiring only username password this allows unauthorized transactions a large company like yours needs stronger security such as two factor authentication the app s speed lags significantly compared to others numerous updates are needed to improve performance and security currently it s a frustrating and time wasting experience,NEGATIVE,0.9995988011360168,Performance,Other
Sometimes it's soo slow,3,2025-01-01,Dashen,Google Play,com.cr2.amolelight,sometimes it s soo slow,NEGATIVE,0.9951977133750916,Performance,Other
the best app I used always,1,2024-12-31,Dashen,Google Play,com.cr2.amolelight,the best app i used always,POSITIVE,0.9996992349624634,Other,Other
Amole apk is ..... it's very good apk . please used amole Apk,5,2024-12-29,Dashen,Google Play,com.cr2.amolelight,amole apk is it s very good apk please used amole apk,POSITIVE,0.9989153146743774,Other,Other
fast and secure app,5,2024-12-23,Dashen,Google Play,com.cr2.amolelight,fast and secure app,POSITIVE,0.9989577531814576,Other,Other
Ok,4,2024-12-18,Dashen,Google Play,com.cr2.amolelight,ok,POSITIVE,0.9997851252555848,Other,Other
I am new for this App let me to use and i will rate 5 star while i get Satisfie,3,2024-12-17,Dashen,Google Play,com.cr2.amolelight,i am new for this app let me to use and i will rate 5 star while i get satisfie,POSITIVE,0.987254559993744,Other,Other
Yeb,5,2024-12-12,Dashen,Google Play,com.cr2.amolelight,yeb,POSITIVE,0.7893218398094177,Other,Other
Good Ait service!,5,2024-12-09,Dashen,Google Play,com.cr2.amolelight,good ait service,POSITIVE,0.999762237071991,Support,Other
Sisay mustefa abani,5,2024-12-08,Dashen,Google Play,com.cr2.amolelight,sisay mustefa abani,POSITIVE,0.8329891562461853,Other,Other
Wow,5,2024-12-06,Dashen,Google Play,com.cr2.amolelight,wow,POSITIVE,0.999592125415802,Other,Other
"It can't load, even in a fast network connection. This app is so bad that it needs fixing",1,2024-12-05,Dashen,Google Play,com.cr2.amolelight,it can t load even in a fast network connection this app is so bad that it needs fixing,NEGATIVE,0.9997560381889344,Other,Other
The best mobile banking in Ethiopia 👍👍,5,2024-12-03,Dashen,Google Play,com.cr2.amolelight,the best mobile banking in ethiopia,POSITIVE,0.9998106360435486,Other,Other
Thnk you,5,2024-12-02,Dashen,Google Play,com.cr2.amolelight,thnk you,POSITIVE,0.8047779202461243,Other,Other
I like this app b/c it has many options and easily useable,5,2024-11-28,Dashen,Google Play,com.cr2.amolelight,i like this app b c it has many options and easily useable,POSITIVE,0.998587131500244,Other,Other
Its nice but it does not have speed it requires a lot of patience it will not be for a problem,3,2024-11-28,Dashen,Google Play,com.cr2.amolelight,its nice but it does not have speed it requires a lot of patience it will not be for a problem,POSITIVE,0.9054858088493348,Features/UI,Other
It is better if he blinks (ከንግድ ባንክ666).,5,2024-11-28,Dashen,Google Play,com.cr2.amolelight,it is better if he blinks 666,NEGATIVE,0.9911808371543884,Other,Other
Naysssss,5,2024-11-27,Dashen,Google Play,com.cr2.amolelight,naysssss,NEGATIVE,0.9773305654525756,Other,Other
It's good,3,2024-11-21,Dashen,Google Play,com.cr2.amolelight,it s good,POSITIVE,0.9998457431793212,Other,Other
Big love,5,2024-11-20,Dashen,Google Play,com.cr2.amolelight,big love,POSITIVE,0.9998681545257568,Other,Other
Excellent,5,2024-11-16,Dashen,Google Play,com.cr2.amolelight,excellent,POSITIVE,0.9998434782028198,Other,Other
Please decrease app size,4,2024-11-09,Dashen,Google Play,com.cr2.amolelight,please decrease app size,NEGATIVE,0.9971163272857666,Other,Other
It's great,5,2024-11-08,Dashen,Google Play,com.cr2.amolelight,it s great,POSITIVE,0.9998717308044434,Other,Other
Alem Zeleqe,3,2024-11-08,Dashen,Google Play,com.cr2.amolelight,alem zeleqe,POSITIVE,0.7574898600578308,Other,Other
❤️,5,2024-11-08,Dashen,Google Play,com.cr2.amolelight,,POSITIVE,0.7481208443641663,Other,Other
Great Financial App,5,2024-10-28,Dashen,Google Play,com.cr2.amolelight,great financial app,POSITIVE,0.9998390674591064,Other,Other
Deshan bank,5,2024-10-27,Dashen,Google Play,com.cr2.amolelight,deshan bank,POSITIVE,0.9838610887527466,Other,Other
"Still in love with it but while the app start to open, it takes time pls upgrade & fix the bug.",5,2024-10-22,Dashen,Google Play,com.cr2.amolelight,still in love with it but while the app start to open it takes time pls upgrade fix the bug,NEGATIVE,0.9948171973228456,Crashes/Bugs,Other
It's such an amazing app. Truly Dashen bank is always one step ahead of other banks in 🇪🇹 👍,5,2024-10-16,Dashen,Google Play,com.cr2.amolelight,it s such an amazing app truly dashen bank is always one step ahead of other banks in,POSITIVE,0.9997971653938292,Other,Other
Best App for all users.,5,2024-10-02,Dashen,Google Play,com.cr2.amolelight,best app for all users,POSITIVE,0.9997270703315736,Other,Other
I ilke very much,5,2024-09-25,Dashen,Google Play,com.cr2.amolelight,i ilke very much,POSITIVE,0.996204435825348,Other,Other
"The app suffers from severe performance issues, particularly with response times. The backend seems to have high latency, as the OTP generation and delivery process consistently delays, even after the server acknowledges that it has been sent. API requests frequently fail, returning non-descriptive error messages that lack proper exception handling, making it difficult for users to understand the issue. I know you will gonne say""ehe yedekem hzb teche alteche"", but that it.",1,2024-09-12,Dashen,Google Play,com.cr2.amolelight,the app suffers from severe performance issues particularly with response times the backend seems to have high latency as the otp generation and delivery process consistently delays even after the server acknowledges that it has been sent api requests frequently fail returning non descriptive error messages that lack proper exception handling making it difficult for users to understand the issue i know you will gonne say ehe yedekem hzb teche alteche but that it,NEGATIVE,0.9995322227478028,Performance,Other
"The security, cool, every time OTP!! The UI, let's not talk about the UI, But how the heck it says ""offline mode is not available"" something like that, when I enter more than the max amount to transfer. Fellas i am a web dev, this is bad UX. It needs update on the UX. Will see the UI later.",3,2024-09-10,Dashen,Google Play,com.cr2.amolelight,the security cool every time otp the ui let s not talk about the ui but how the heck it says offline mode is not available something like that when i enter more than the max amount to transfer fellas i am a web dev this is bad ux it needs update on the ux will see the ui later,NEGATIVE,0.999713122844696,Login/Access,Other
Select from Sending account option not working when trying to send to other banks,2,2024-09-08,Dashen,Google Play,com.cr2.amolelight,select from sending account option not working when trying to send to other banks,NEGATIVE,0.9983751773834229,Other,Other
It's not working,1,2024-09-08,Dashen,Google Play,com.cr2.amolelight,it s not working,NEGATIVE,0.9997804760932922,Other,Other
nice App,5,2024-09-07,Dashen,Google Play,com.cr2.amolelight,nice app,POSITIVE,0.9998061060905457,Other,Other
የአንደኛ ቀዳሚ ምርጫችን ዳሽን ባንክ ሁልጊዜ አንድ እርምጃ ቀዳሚ። የአሞሌ አስጠቃሚ።,5,2024-09-03,Dashen,Google Play,com.cr2.amolelight,,POSITIVE,0.7481208443641663,Other,Other
በጠም ውደድኩት ስህተት ከለው በጠም መዝገቱ ደስ ብሎኛል,5,2024-08-24,Dashen,Google Play,com.cr2.amolelight,,POSITIVE,0.7481208443641663,Other,Other
🔥,4,2024-08-24,Dashen,Google Play,com.cr2.amolelight,,POSITIVE,0.7481208443641663,Other,Other
"Although the application is good, but, it is difficult to get out. The app does not work to get out with the back cursor . Fix it quickly.",1,2024-08-22,Dashen,Google Play,com.cr2.amolelight,although the application is good but it is difficult to get out the app does not work to get out with the back cursor fix it quickly,NEGATIVE,0.9988124370574952,Features/UI,Other
Go,3,2024-08-21,Dashen,Google Play,com.cr2.amolelight,go,POSITIVE,0.9994152784347534,Other,Other
"I like thise app it is smart app,but when i make one mistake it will automatically block",5,2024-08-15,Dashen,Google Play,com.cr2.amolelight,i like thise app it is smart app but when i make one mistake it will automatically block,NEGATIVE,0.994492769241333,Other,Other
Suaud,5,2024-08-05,Dashen,Google Play,com.cr2.amolelight,suaud,POSITIVE,0.7671428322792053,Other,Other
wenderfull,5,2024-08-03,Dashen,Google Play,com.cr2.amolelight,wenderfull,POSITIVE,0.9393948316574096,Other,Other
Nice app in Ethiopia,5,2024-08-01,Dashen,Google Play,com.cr2.amolelight,nice app in ethiopia,POSITIVE,0.9995818734169006,Other,Other
simply the best,5,2024-07-26,Dashen,Google Play,com.cr2.amolelight,simply the best,POSITIVE,0.9998356103897096,Other,Other
Very nice mob app,3,2024-07-26,Dashen,Google Play,com.cr2.amolelight,very nice mob app,POSITIVE,0.9997592568397522,Other,Other
"I hate this app stack and blackscreen not open as required ,normaly i resigned my job do to this app b/c our salary are depoite by dashen bank",1,2024-06-28,Dashen,Google Play,com.cr2.amolelight,i hate this app stack and blackscreen not open as required normaly i resigned my job do to this app b c our salary are depoite by dashen bank,NEGATIVE,0.9996362924575806,Features/UI,Other
Wow Very Nice App,5,2024-06-22,Dashen,Google Play,com.cr2.amolelight,wow very nice app,POSITIVE,0.9998499155044556,Other,Other
Telebirr agent deposit is not working until now. Please fix it. Fix it fast.,5,2024-06-19,Dashen,Google Play,com.cr2.amolelight,telebirr agent deposit is not working until now please fix it fix it fast,NEGATIVE,0.998376965522766,Other,Other
Very good,5,2024-06-16,Dashen,Google Play,com.cr2.amolelight,very good,POSITIVE,0.9998520612716676,Other,Other
The developers have incorporated biometric login which has made the app very convenient and user friendly. I will now increase my rating as promised,5,2024-06-15,Dashen,Google Play,com.cr2.amolelight,the developers have incorporated biometric login which has made the app very convenient and user friendly i will now increase my rating as promised,POSITIVE,0.9960640072822572,Login/Access,Other
Memekaye miliyoon girmaa,3,2024-06-14,Dashen,Google Play,com.cr2.amolelight,memekaye miliyoon girmaa,NEGATIVE,0.9797621369361876,Other,Other
This app is 🤩,5,2024-06-12,Dashen,Google Play,com.cr2.amolelight,this app is,POSITIVE,0.9793030619621276,Other,Other
Be adjusted this app is not available anytime,5,2024-06-11,Dashen,Google Play,com.cr2.amolelight,be adjusted this app is not available anytime,NEGATIVE,0.999541997909546,Other,Other
Super app,5,2024-06-10,Dashen,Google Play,com.cr2.amolelight,super app,POSITIVE,0.9932268261909484,Other,Other
"Very poor app! It locked my out without any reason, does not have any conformation or screenshots . And delay when opening of the app. It is just time wasting.",1,2024-06-09,Dashen,Google Play,com.cr2.amolelight,very poor app it locked my out without any reason does not have any conformation or screenshots and delay when opening of the app it is just time wasting,NEGATIVE,0.9997908473014832,Performance,Other
Best app....,5,2024-06-06,Dashen,Google Play,com.cr2.amolelight,best app,POSITIVE,0.999686598777771,Other,Other
wow amole,4,2024-06-03,Dashen,Google Play,com.cr2.amolelight,wow amole,POSITIVE,0.9994269609451294,Other,Other
We,1,2024-06-01,Dashen,Google Play,com.cr2.amolelight,we,POSITIVE,0.998214602470398,Other,Other
Tye app is mostly good but you should make it be able to save usernames instead of typing every time i want to login,4,2024-05-31,Dashen,Google Play,com.cr2.amolelight,tye app is mostly good but you should make it be able to save usernames instead of typing every time i want to login,POSITIVE,0.894574761390686,Login/Access,Other
"It's good enough. But, there is slowing in beginning of the App....",5,2024-05-24,Dashen,Google Play,com.cr2.amolelight,it s good enough but there is slowing in beginning of the app,NEGATIVE,0.9848451018333436,Performance,Other
"Good for safety,take long way though",5,2024-05-22,Dashen,Google Play,com.cr2.amolelight,good for safety take long way though,NEGATIVE,0.958751618862152,Other,Other
😘,5,2024-05-20,Dashen,Google Play,com.cr2.amolelight,,POSITIVE,0.7481208443641663,Other,Other
Bad app that not helping me the is not login,1,2024-05-18,Dashen,Google Play,com.cr2.amolelight,bad app that not helping me the is not login,NEGATIVE,0.99905663728714,Login/Access,Other
Best after removal of screelock password,5,2024-05-13,Dashen,Google Play,com.cr2.amolelight,best after removal of screelock password,POSITIVE,0.980417251586914,Login/Access,Other
"I really don't get how this is the lite version and it is bigger than the og app, ah well it is what it is ig ¯⁠\⁠_😂_⁠/⁠¯",5,2024-05-10,Dashen,Google Play,com.cr2.amolelight,i really don t get how this is the lite version and it is bigger than the og app ah well it is what it is ig,POSITIVE,0.6940427422523499,Other,Other
"Dashen Bank is the gold standard of banking in Ethiopia! The mobile app makes banking convenient and efficient. Plus, the branch services is top-notch, with staff always ready to assist with a smile.",5,2024-05-10,Dashen,Google Play,com.cr2.amolelight,dashen bank is the gold standard of banking in ethiopia the mobile app makes banking convenient and efficient plus the branch services is top notch with staff always ready to assist with a smile,POSITIVE,0.9996436834335328,Support,Other
ማይ,1,2024-05-09,Dashen,Google Play,com.cr2.amolelight,,POSITIVE,0.7481208443641663,Other,Other
Doesn't work most of the time,1,2024-05-09,Dashen,Google Play,com.cr2.amolelight,doesn t work most of the time,NEGATIVE,0.9990493655204772,Other,Other
that is awesome,5,2024-05-01,Dashen,Google Play,com.cr2.amolelight,that is awesome,POSITIVE,0.9998675584793092,Other,Other
"It's so boring.... I don't wanna say this but this app so tough to take action. It's take long time and also it's conditional mostly it's not available, in 1 day it's work for 1 or 2 hour .... this bank so huge but de app it's not enough to define your exellence",1,2024-04-30,Dashen,Google Play,com.cr2.amolelight,it s so boring i don t wanna say this but this app so tough to take action it s take long time and also it s conditional mostly it s not available in 1 day it s work for 1 or 2 hour this bank so huge but de app it s not enough to define your exellence,NEGATIVE,0.9991753697395324,Other,Other
Jafare has fyguhfiwudgg,5,2024-04-25,Dashen,Google Play,com.cr2.amolelight,jafare has fyguhfiwudgg,NEGATIVE,0.9514184594154358,Other,Other
it's fine,5,2024-04-20,Dashen,Google Play,com.cr2.amolelight,it s fine,POSITIVE,0.9998539686203004,Other,Other
This app is very good Nice app people please use this app 😃☺️☺️,5,2024-04-20,Dashen,Google Play,com.cr2.amolelight,this app is very good nice app people please use this app,POSITIVE,0.999714195728302,Other,Other
Wow amazing platform 🙏,5,2024-04-17,Dashen,Google Play,com.cr2.amolelight,wow amazing platform,POSITIVE,0.9998631477355956,Other,Other
"I tried to log in twice and locked me out. I tried to email them, but no one responded 🙃 please respond to our email back",1,2024-04-12,Dashen,Google Play,com.cr2.amolelight,i tried to log in twice and locked me out i tried to email them but no one responded please respond to our email back,NEGATIVE,0.9993835687637328,Other,Other
Why dont update,5,2024-04-06,Dashen,Google Play,com.cr2.amolelight,why dont update,NEGATIVE,0.9983964562416076,Other,Other
This app is so good and its an interesting,3,2024-03-29,Dashen,Google Play,com.cr2.amolelight,this app is so good and its an interesting,POSITIVE,0.9998619556427002,Other,Other
The best easy banking app ever @ Ethiopia,5,2024-03-26,Dashen,Google Play,com.cr2.amolelight,the best easy banking app ever ethiopia,POSITIVE,0.9997859597206116,Other,Other
Amole lite wow its more easy for use and more secured. I really its one step a head,5,2024-03-25,Dashen,Google Play,com.cr2.amolelight,amole lite wow its more easy for use and more secured i really its one step a head,POSITIVE,0.932908833026886,Other,Other
Excellent and Easy to use.,5,2024-03-25,Dashen,Google Play,com.cr2.amolelight,excellent and easy to use,POSITIVE,0.9998745918273926,Other,Other
it's good app I'm using it right now but after it have installed doesn't work fastly and again goes to update..plc fix the problem..,3,2024-03-23,Dashen,Google Play,com.cr2.amolelight,it s good app i m using it right now but after it have installed doesn t work fastly and again goes to update plc fix the problem,NEGATIVE,0.9907853603363036,Other,Other
Very nice,5,2024-03-22,Dashen,Google Play,com.cr2.amolelight,very nice,POSITIVE,0.9998563528060912,Other,Other
It's good app,5,2024-03-22,Dashen,Google Play,com.cr2.amolelight,it s good app,POSITIVE,0.999863862991333,Other,Other
Very secured app but after the last update it takes long time to start .pls minimize the start time ppl might have no patience to wait more than 30 seconds just for the app to open ..,5,2024-03-22,Dashen,Google Play,com.cr2.amolelight,very secured app but after the last update it takes long time to start pls minimize the start time ppl might have no patience to wait more than 30 seconds just for the app to open,NEGATIVE,0.998813271522522,Other,Other
I don't know why I have been stuck with other mobile banking systems when all I needed was amole... I loved it,5,2024-03-22,Dashen,Google Play,com.cr2.amolelight,i don t know why i have been stuck with other mobile banking systems when all i needed was amole i loved it,POSITIVE,0.9949318766593932,Other,Other
Special for me,5,2024-03-21,Dashen,Google Play,com.cr2.amolelight,special for me,POSITIVE,0.99954754114151,Other,Other
Baset app,5,2024-03-20,Dashen,Google Play,com.cr2.amolelight,baset app,POSITIVE,0.9855851531028748,Other,Other
it is good App,4,2024-03-19,Dashen,Google Play,com.cr2.amolelight,it is good app,POSITIVE,0.9998652935028076,Other,Other
Nuuroo usmaan gaamilcom,5,2024-03-18,Dashen,Google Play,com.cr2.amolelight,nuuroo usmaan gaamilcom,NEGATIVE,0.9877434968948364,Other,Other
Very good app,5,2024-03-17,Dashen,Google Play,com.cr2.amolelight,very good app,POSITIVE,0.9998675584793092,Other,Other
Student,5,2024-03-17,Dashen,Google Play,com.cr2.amolelight,student,POSITIVE,0.9856825470924376,Other,Other
Please apply!cardless cash out system🙏,2,2024-03-17,Dashen,Google Play,com.cr2.amolelight,please apply cardless cash out system,NEGATIVE,0.9866474866867064,Other,Other
it has a lot of options but it is a slowe while opning by biometric,2,2024-03-17,Dashen,Google Play,com.cr2.amolelight,it has a lot of options but it is a slowe while opning by biometric,NEGATIVE,0.9981617331504822,Performance,Other
The last update is not working correctly so i stop using this app betam huwala ker new dashen bank needs to work on its digital app teams,5,2024-03-17,Dashen,Google Play,com.cr2.amolelight,the last update is not working correctly so i stop using this app betam huwala ker new dashen bank needs to work on its digital app teams,NEGATIVE,0.9997643828392028,Other,Other
How to use application,5,2024-03-16,Dashen,Google Play,com.cr2.amolelight,how to use application,POSITIVE,0.9884336590766908,Other,Other
cooooolllllll,5,2024-03-16,Dashen,Google Play,com.cr2.amolelight,cooooolllllll,NEGATIVE,0.9188387393951416,Other,Other
I prefered you b/cs your service charge is very fair.,5,2024-03-16,Dashen,Google Play,com.cr2.amolelight,i prefered you b cs your service charge is very fair,POSITIVE,0.9914121627807616,Support,Other
Excellent App And Easy To Use Every where.,5,2024-03-16,Dashen,Google Play,com.cr2.amolelight,excellent app and easy to use every where,POSITIVE,0.9997850060462952,Other,Other
ተመችቶናል,4,2024-03-16,Dashen,Google Play,com.cr2.amolelight,,POSITIVE,0.7481208443641663,Other,Other
The best app,5,2024-03-16,Dashen,Google Play,com.cr2.amolelight,the best app,POSITIVE,0.9998469352722168,Other,Other
Well done Dashen Bank.,4,2024-03-16,Dashen,Google Play,com.cr2.amolelight,well done dashen bank,POSITIVE,0.9996885061264038,Other,Other
"The UI/UX experience is already good, but some minor tweaks in font sizes and color can take it to the top-notch level. Imagine the sheer joy and satisfaction your users will feel when they see the polished and refined interface you've created for them. Don't miss the opportunity to impress them even more with these simple yet impactful changes.",5,2024-03-12,Dashen,Google Play,com.cr2.amolelight,the ui ux experience is already good but some minor tweaks in font sizes and color can take it to the top notch level imagine the sheer joy and satisfaction your users will feel when they see the polished and refined interface you ve created for them don t miss the opportunity to impress them even more with these simple yet impactful changes,POSITIVE,0.9996410608291626,Features/UI,Other
I m the one here in Dashen bank,5,2024-03-06,Dashen,Google Play,com.cr2.amolelight,i m the one here in dashen bank,POSITIVE,0.8516913652420044,Other,Other
improve more,3,2024-03-04,Dashen,Google Play,com.cr2.amolelight,improve more,POSITIVE,0.9996280670166016,Other,Other
ለመግባት (login) ቀርፋፋ ነው ።,1,2024-03-04,Dashen,Google Play,com.cr2.amolelight,login,NEGATIVE,0.96615731716156,Login/Access,Other
I like this,3,2024-03-03,Dashen,Google Play,com.cr2.amolelight,i like this,POSITIVE,0.9998672008514404,Other,Other
Longin fails repeatedly,3,2024-02-28,Dashen,Google Play,com.cr2.amolelight,longin fails repeatedly,NEGATIVE,0.9996817111968994,Other,Other
One of the best app I have ever seen it's simple to use,5,2024-02-26,Dashen,Google Play,com.cr2.amolelight,one of the best app i have ever seen it s simple to use,POSITIVE,0.9994686245918274,Other,Other
Personal scored,5,2024-02-25,Dashen,Google Play,com.cr2.amolelight,personal scored,POSITIVE,0.9996507167816162,Other,Other
Welcome,4,2024-02-22,Dashen,Google Play,com.cr2.amolelight,welcome,POSITIVE,0.9998117089271544,Other,Other
Needs to be underrated. Bad service,1,2024-02-20,Dashen,Google Play,com.cr2.amolelight,needs to be underrated bad service,NEGATIVE,0.99811053276062,Support,Other
Easy to use,4,2024-02-15,Dashen,Google Play,com.cr2.amolelight,easy to use,POSITIVE,0.9988542795181274,Other,Other
Its nice,5,2024-02-12,Dashen,Google Play,com.cr2.amolelight,its nice,POSITIVE,0.999854326248169,Other,Other
Mudeme,5,2024-02-11,Dashen,Google Play,com.cr2.amolelight,mudeme,NEGATIVE,0.999513864517212,Other,Other
The upgraded Amole lite app is nice. I’ve loved it. But #USSD CANNOT BE ADJUSTED FOR NEW CUSTOMERS ESPECIALLY THOSE WHO DO NOT HAVE SMARTPHONES. YOU NEED TO IMPROVE THIS ONE,5,2024-02-11,Dashen,Google Play,com.cr2.amolelight,the upgraded amole lite app is nice i ve loved it but ussd cannot be adjusted for new customers especially those who do not have smartphones you need to improve this one,NEGATIVE,0.985135018825531,Other,Other
Past,5,2024-02-10,Dashen,Google Play,com.cr2.amolelight,past,NEGATIVE,0.9876970648765564,Other,Other
Open,1,2024-02-09,Dashen,Google Play,com.cr2.amolelight,open,POSITIVE,0.9997945427894592,Other,Other
Awesome,5,2024-02-06,Dashen,Google Play,com.cr2.amolelight,awesome,POSITIVE,0.9998682737350464,Other,Other
receipt downloading is not avialable in this version,1,2024-02-05,Dashen,Google Play,com.cr2.amolelight,receipt downloading is not avialable in this version,NEGATIVE,0.9995287656784058,Performance,Other
Good 👍,5,2024-02-04,Dashen,Google Play,com.cr2.amolelight,good,POSITIVE,0.999816119670868,Other,Other
Not reliable!,1,2024-02-04,Dashen,Google Play,com.cr2.amolelight,not reliable,NEGATIVE,0.9997870326042176,Other,Other
The last update doesn't work when you chose account to send money on lower Android version,1,2024-02-04,Dashen,Google Play,com.cr2.amolelight,the last update doesn t work when you chose account to send money on lower android version,NEGATIVE,0.9991543292999268,Other,Other
Exchange rate is not real,5,2024-02-03,Dashen,Google Play,com.cr2.amolelight,exchange rate is not real,NEGATIVE,0.9997653365135192,Other,Other
Good Security,5,2024-02-03,Dashen,Google Play,com.cr2.amolelight,good security,POSITIVE,0.9998112320899964,Other,Other
"It's good app but i can not see the history of transactions on the app and also updated one is not good can't send always says, choose account",5,2024-02-02,Dashen,Google Play,com.cr2.amolelight,it s good app but i can not see the history of transactions on the app and also updated one is not good can t send always says choose account,NEGATIVE,0.9975071549415588,Other,Other
Its good,5,2024-02-02,Dashen,Google Play,com.cr2.amolelight,its good,POSITIVE,0.9998385906219482,Other,Other
Happy day,4,2024-02-01,Dashen,Google Play,com.cr2.amolelight,happy day,POSITIVE,0.999869704246521,Other,Other
"Disabled taking screenshots so there's no way to share payment confirmation screenshot with people. When you think the app couldn't get any worse, somehow these people find a way to do so.",1,2024-02-01,Dashen,Google Play,com.cr2.amolelight,disabled taking screenshots so there s no way to share payment confirmation screenshot with people when you think the app couldn t get any worse somehow these people find a way to do so,NEGATIVE,0.9992893934249878,Other,Other
Too technical.,1,2024-02-01,Dashen,Google Play,com.cr2.amolelight,too technical,NEGATIVE,0.9994858503341676,Other,Other
🥰🥰🥰🥰,5,2024-02-01,Dashen,Google Play,com.cr2.amolelight,,POSITIVE,0.7481208443641663,Other,Other
Fast and secured,5,2024-02-01,Dashen,Google Play,com.cr2.amolelight,fast and secured,POSITIVE,0.9997352957725524,Other,Other
Good but it need additional work it is slow in respond,3,2024-01-31,Dashen,Google Play,com.cr2.amolelight,good but it need additional work it is slow in respond,NEGATIVE,0.9883925318717957,Performance,Other
My best,5,2024-01-31,Dashen,Google Play,com.cr2.amolelight,my best,POSITIVE,0.9997593760490416,Other,Other
"l am old customer of dashen bank, i started to use this app almost for five month, in those time i didn't saw any negative on this app, its interesting and you can pay and recieve payment easily. from ethiopian banks i give five star its always seek new technology than ever bank.",5,2024-01-31,Dashen,Google Play,com.cr2.amolelight,l am old customer of dashen bank i started to use this app almost for five month in those time i didn t saw any negative on this app its interesting and you can pay and recieve payment easily from ethiopian banks i give five star its always seek new technology than ever bank,POSITIVE,0.95282644033432,Other,Other
Its nice please add reprint to get the receit,5,2024-01-31,Dashen,Google Play,com.cr2.amolelight,its nice please add reprint to get the receit,POSITIVE,0.9953243732452391,Other,Other
Amole 100%,5,2024-01-31,Dashen,Google Play,com.cr2.amolelight,amole 100,POSITIVE,0.9468038082122804,Other,Other
I like it this app,4,2024-01-31,Dashen,Google Play,com.cr2.amolelight,i like it this app,POSITIVE,0.9997456669807434,Other,Other
Smart and best always !,5,2024-01-30,Dashen,Google Play,com.cr2.amolelight,smart and best always,POSITIVE,0.9998551607131958,Other,Other
Dashed Bank A...,5,2024-01-29,Dashen,Google Play,com.cr2.amolelight,dashed bank a,NEGATIVE,0.9995972514152528,Other,Other
ያማችኋል አይሰራም,1,2024-01-22,Dashen,Google Play,com.cr2.amolelight,,POSITIVE,0.7481208443641663,Other,Other
since i started using this app its speed and reliability is great as well. it incorporates all technologies. I am very impressed with the modern work you are doing with little effort.,5,2024-01-22,Dashen,Google Play,com.cr2.amolelight,since i started using this app its speed and reliability is great as well it incorporates all technologies i am very impressed with the modern work you are doing with little effort,POSITIVE,0.9987255930900574,Other,Other
"It doesn't work, it keeps saying ""there was a problem submitting your request. Please try again later"" how come banking app service down all the time. It is very irritating.",1,2024-01-17,Dashen,Google Play,com.cr2.amolelight,it doesn t work it keeps saying there was a problem submitting your request please try again later how come banking app service down all the time it is very irritating,NEGATIVE,0.9994854927062988,Support,Other
Excellent quality Applications Dashen bank for ever,5,2024-01-15,Dashen,Google Play,com.cr2.amolelight,excellent quality applications dashen bank for ever,POSITIVE,0.9995912909507751,Other,Other
Way,5,2024-01-13,Dashen,Google Play,com.cr2.amolelight,way,POSITIVE,0.9972752928733826,Other,Other
This is the most ridiculous thing I have ever seen they are on maintenance everyother day,1,2023-12-31,Dashen,Google Play,com.cr2.amolelight,this is the most ridiculous thing i have ever seen they are on maintenance everyother day,NEGATIVE,0.9992629885673524,Other,Other
Well improved!,4,2023-12-29,Dashen,Google Play,com.cr2.amolelight,well improved,POSITIVE,0.9998574256896972,Other,Other
Keeps hanging ..,3,2023-12-24,Dashen,Google Play,com.cr2.amolelight,keeps hanging,NEGATIVE,0.8644303679466248,Other,Other
It's exceptional,5,2023-12-24,Dashen,Google Play,com.cr2.amolelight,it s exceptional,POSITIVE,0.9998759031295776,Other,Other
Dashen Bank Amole Lite essy to use and the connection is fast.,5,2023-12-23,Dashen,Google Play,com.cr2.amolelight,dashen bank amole lite essy to use and the connection is fast,POSITIVE,0.9953867793083192,Other,Other
Ita fantastic,5,2023-12-23,Dashen,Google Play,com.cr2.amolelight,ita fantastic,POSITIVE,0.9998735189437866,Other,Other
It is best app,5,2023-12-19,Dashen,Google Play,com.cr2.amolelight,it is best app,POSITIVE,0.9997313618659972,Other,Other
Top,5,2023-12-18,Dashen,Google Play,com.cr2.amolelight,top,POSITIVE,0.9997069239616394,Other,Other
Dashen Bank is App 🥰👌,5,2023-12-18,Dashen,Google Play,com.cr2.amolelight,dashen bank is app,POSITIVE,0.9293377995491028,Other,Other
<> መፈክራችው እና ስራችው አይገናኝም ። በጣም የሚያስጠላ app ነው። ቀድሞ ያልዘመና ነው በአጠቃላይ ጊዜ እና ገንዘብ የሚያከስር app ነው ። keep our time unless uses this app,1,2023-12-18,Dashen,Google Play,com.cr2.amolelight,app app keep our time unless uses this app,NEGATIVE,0.9925931096076964,Other,Other
I am very comfortable with the efficiency,5,2023-12-15,Dashen,Google Play,com.cr2.amolelight,i am very comfortable with the efficiency,POSITIVE,0.9998661279678344,Other,Other
"I tried to use this app for long and failed to do so. Initially, I able to use it even though with difficulty (very slow, need of login and logout) now and then. Then i couldn't use it. I tried to reset with one of the Dashen branch bank but failed",1,2023-12-11,Dashen,Google Play,com.cr2.amolelight,i tried to use this app for long and failed to do so initially i able to use it even though with difficulty very slow need of login and logout now and then then i couldn t use it i tried to reset with one of the dashen branch bank but failed,NEGATIVE,0.998953342437744,Performance,Other
⭐️⭐️⭐️⭐️⭐️,5,2023-12-07,Dashen,Google Play,com.cr2.amolelight,,POSITIVE,0.7481208443641663,Other,Other
Too slow!,1,2023-12-05,Dashen,Google Play,com.cr2.amolelight,too slow,NEGATIVE,0.9995005130767822,Performance,Other
a best tecnology appl.,5,2023-11-26,Dashen,Google Play,com.cr2.amolelight,a best tecnology appl,POSITIVE,0.99978369474411,Other,Other
This app no working 1 star,1,2023-11-23,Dashen,Google Play,com.cr2.amolelight,this app no working 1 star,NEGATIVE,0.9996235370635986,Other,Other
This app works so good. But i don't get it why it never show incoming fund transfer report? Have you notice this?,3,2023-11-23,Dashen,Google Play,com.cr2.amolelight,this app works so good but i don t get it why it never show incoming fund transfer report have you notice this,NEGATIVE,0.8766129016876221,Other,Other
it sስሎው አፕፕ ፕሊስ ቸንግ አንድ ፋሰት,1,2023-11-22,Dashen,Google Play,com.cr2.amolelight,it s,POSITIVE,0.9636664986610411,Other,Other
There is always room for improvement and an opportunity to adopt! keep improving and keep evolving. I would love to see external services provided by the Amole app to utilize and actively operate our banking account. Option to invest in ideas that could build Ethiopian creativity. Yosef ke Dallas,4,2023-11-22,Dashen,Google Play,com.cr2.amolelight,there is always room for improvement and an opportunity to adopt keep improving and keep evolving i would love to see external services provided by the amole app to utilize and actively operate our banking account option to invest in ideas that could build ethiopian creativity yosef ke dallas,NEGATIVE,0.636872410774231,Features/UI,Other
"Even though I am a long-time Dashen Bank admirer, I find this app hard to use compared to other banks' mobile apps. It has a problem refreshing account balance, I needed to log out and login to see the updated account balance. Overall, user friendliness of the app needs a serious upgrade. I will improve my rating once problems are addressed.",1,2023-11-22,Dashen,Google Play,com.cr2.amolelight,even though i am a long time dashen bank admirer i find this app hard to use compared to other banks mobile apps it has a problem refreshing account balance i needed to log out and login to see the updated account balance overall user friendliness of the app needs a serious upgrade i will improve my rating once problems are addressed,NEGATIVE,0.9912688732147216,Login/Access,Other
"very fast ,secure and simply to use i like amole",5,2023-11-15,Dashen,Google Play,com.cr2.amolelight,very fast secure and simply to use i like amole,POSITIVE,0.9967144727706908,Other,Other
Amazing,5,2023-11-13,Dashen,Google Play,com.cr2.amolelight,amazing,POSITIVE,0.999875545501709,Other,Other
The best of the best app,5,2023-11-12,Dashen,Google Play,com.cr2.amolelight,the best of the best app,POSITIVE,0.999821126461029,Other,Other
ለአጠቃቀም አመቺ እና ቀላል የሆነ የሞባይል መተግበሪያ ነው ።,5,2023-11-12,Dashen,Google Play,com.cr2.amolelight,,POSITIVE,0.7481208443641663,Other,Other
It is a reliable and safe application.,5,2023-11-11,Dashen,Google Play,com.cr2.amolelight,it is a reliable and safe application,POSITIVE,0.9998127818107604,Other,Other
"Best app, it saves traveling cost plus work time forgone. Simply bank in your home and hand 🙏",5,2023-11-11,Dashen,Google Play,com.cr2.amolelight,best app it saves traveling cost plus work time forgone simply bank in your home and hand,POSITIVE,0.6763768196105957,Other,Other
It is compatible.,4,2023-11-11,Dashen,Google Play,com.cr2.amolelight,it is compatible,POSITIVE,0.9997947812080384,Other,Other
It's very good app but always try to open requested update...,4,2023-11-11,Dashen,Google Play,com.cr2.amolelight,it s very good app but always try to open requested update,NEGATIVE,0.8538474440574646,Other,Other
please how can i fix my app it keep saying application error i have tried to uninstall and install again nothing has changed please help,1,2023-11-10,Dashen,Google Play,com.cr2.amolelight,please how can i fix my app it keep saying application error i have tried to uninstall and install again nothing has changed please help,NEGATIVE,0.9988263249397278,Crashes/Bugs,Other
"It is too slow application than any one of Ethiopian mobile banking apps. Please make it fast, and its feature beautiful. I am a Dashen Bank Customer and user of this app. Thank you.",2,2023-11-10,Dashen,Google Play,com.cr2.amolelight,it is too slow application than any one of ethiopian mobile banking apps please make it fast and its feature beautiful i am a dashen bank customer and user of this app thank you,POSITIVE,0.9846459031105042,Performance,Other
Not working sometimes,3,2023-11-09,Dashen,Google Play,com.cr2.amolelight,not working sometimes,NEGATIVE,0.9993667006492616,Other,Other
The best one of the internet banking apps I've come across in Ethiopia. Only thing I would like to see added is the ability to get a receipt after the payment has been payed or transferred. Since it only gives a receipt right at the moment of payment and after that there is no way to get a receipt.,5,2023-11-08,Dashen,Google Play,com.cr2.amolelight,the best one of the internet banking apps i ve come across in ethiopia only thing i would like to see added is the ability to get a receipt after the payment has been payed or transferred since it only gives a receipt right at the moment of payment and after that there is no way to get a receipt,NEGATIVE,0.9717239141464232,Other,Other
ምንድን ነው password 🔑 expired የሚለው,5,2023-10-17,Dashen,Google Play,com.cr2.amolelight,password expired,NEGATIVE,0.993486225605011,Login/Access,Other
Worst app ever all it does is load and fail plus your customer service on front are not supporting,1,2023-10-17,Dashen,Google Play,com.cr2.amolelight,worst app ever all it does is load and fail plus your customer service on front are not supporting,NEGATIVE,0.9998000264167786,Support,Other
Best app I used it,1,2023-10-14,Dashen,Google Play,com.cr2.amolelight,best app i used it,POSITIVE,0.9970428347587584,Other,Other
Faster secure and best international creadite card is the frist bank ethiopian bank to apply prophational card.,5,2023-10-13,Dashen,Google Play,com.cr2.amolelight,faster secure and best international creadite card is the frist bank ethiopian bank to apply prophational card,POSITIVE,0.9943209886550904,Other,Other
Excllent,5,2023-10-07,Dashen,Google Play,com.cr2.amolelight,excllent,POSITIVE,0.5032454133033752,Other,Other
This is nice adds that I like it.,5,2023-09-30,Dashen,Google Play,com.cr2.amolelight,this is nice adds that i like it,POSITIVE,0.9998763799667358,Other,Other
It is simple and fast.,5,2023-09-29,Dashen,Google Play,com.cr2.amolelight,it is simple and fast,POSITIVE,0.9998134970664978,Other,Other
👏👏👏,4,2023-09-27,Dashen,Google Play,com.cr2.amolelight,,POSITIVE,0.7481208443641663,Other,Other
Vary good,2,2023-09-27,Dashen,Google Play,com.cr2.amolelight,vary good,POSITIVE,0.9998520612716676,Other,Other
Amazing banking app.,5,2023-09-26,Dashen,Google Play,com.cr2.amolelight,amazing banking app,POSITIVE,0.9998445510864258,Other,Other
Great app,5,2023-09-25,Dashen,Google Play,com.cr2.amolelight,great app,POSITIVE,0.999821126461029,Other,Other
Best app ever,5,2023-09-10,Dashen,Google Play,com.cr2.amolelight,best app ever,POSITIVE,0.9997490048408508,Other,Other
Ashabul,5,2023-09-10,Dashen,Google Play,com.cr2.amolelight,ashabul,POSITIVE,0.9779728651046752,Other,Other
Best easy and secure app thank you,5,2023-09-08,Dashen,Google Play,com.cr2.amolelight,best easy and secure app thank you,POSITIVE,0.9998018145561218,Other,Other
Best app Ever!,5,2023-09-03,Dashen,Google Play,com.cr2.amolelight,best app ever,POSITIVE,0.9997490048408508,Other,Other
"Why not we can pay bill,directly from main account, difficult to transfer repeatedly.",5,2023-09-02,Dashen,Google Play,com.cr2.amolelight,why not we can pay bill directly from main account difficult to transfer repeatedly,NEGATIVE,0.998867392539978,Other,Other
"Aside of some of it's major flows, the worst one yet is that it doesn't give you the full detail of your transaction history. Like the receiver's name and account number. You've to take a screenshot to document it or send it to the receiver as a confirmation.",2,2023-09-02,Dashen,Google Play,com.cr2.amolelight,aside of some of it s major flows the worst one yet is that it doesn t give you the full detail of your transaction history like the receiver s name and account number you ve to take a screenshot to document it or send it to the receiver as a confirmation,NEGATIVE,0.9996013045310974,Other,Other
Good app for use simple and easy,5,2023-09-01,Dashen,Google Play,com.cr2.amolelight,good app for use simple and easy,POSITIVE,0.9996581077575684,Other,Other
ባጠቃላይ ባንኩ እወደዋለሁኝ,5,2023-08-31,Dashen,Google Play,com.cr2.amolelight,,POSITIVE,0.7481208443641663,Other,Other
"Like your slogan, you are one step ahead.",5,2023-08-31,Dashen,Google Play,com.cr2.amolelight,like your slogan you are one step ahead,POSITIVE,0.9997692704200744,Other,Other
Loved,5,2023-08-30,Dashen,Google Play,com.cr2.amolelight,loved,POSITIVE,0.999881386756897,Other,Other
Very good app and secured,5,2023-08-28,Dashen,Google Play,com.cr2.amolelight,very good app and secured,POSITIVE,0.9998586177825928,Other,Other
This app is so simple to use and secured. But while generating receipt or ደረሰኝ its required additional app XML viewer or PDF conversion app. Why? Can we view the receipt through jpg viewers?,4,2023-08-26,Dashen,Google Play,com.cr2.amolelight,this app is so simple to use and secured but while generating receipt or its required additional app xml viewer or pdf conversion app why can we view the receipt through jpg viewers,NEGATIVE,0.9972571730613708,Features/UI,Other
Not too bad,3,2023-08-19,Dashen,Google Play,com.cr2.amolelight,not too bad,POSITIVE,0.9989666938781738,Other,Other
Teribble need a lot of work to improve,1,2023-08-19,Dashen,Google Play,com.cr2.amolelight,teribble need a lot of work to improve,NEGATIVE,0.9899706244468688,Other,Other
ok,5,2023-08-18,Dashen,Google Play,com.cr2.amolelight,ok,POSITIVE,0.9997851252555848,Other,Other
ምርጥየ,5,2023-08-18,Dashen,Google Play,com.cr2.amolelight,,POSITIVE,0.7481208443641663,Other,Other
Baheru ጭስ,2,2023-08-16,Dashen,Google Play,com.cr2.amolelight,baheru,POSITIVE,0.7772358059883118,Other,Other
Wawu,5,2023-08-12,Dashen,Google Play,com.cr2.amolelight,wawu,POSITIVE,0.5730695128440857,Other,Other
Thank Dashen bank,5,2023-08-12,Dashen,Google Play,com.cr2.amolelight,thank dashen bank,POSITIVE,0.9997907280921936,Other,Other
Simple and secured,5,2023-08-10,Dashen,Google Play,com.cr2.amolelight,simple and secured,POSITIVE,0.9997952580451964,Other,Other
its nice and easg to use.Also its unique part is very fast,5,2023-08-10,Dashen,Google Play,com.cr2.amolelight,its nice and easg to use also its unique part is very fast,POSITIVE,0.9996343851089478,Other,Other
It's just ewww the app overall,2,2023-08-10,Dashen,Google Play,com.cr2.amolelight,it s just ewww the app overall,NEGATIVE,0.997012972831726,Other,Other
Love it,5,2023-08-09,Dashen,Google Play,com.cr2.amolelight,love it,POSITIVE,0.99987530708313,Other,Other
Good App.,5,2023-08-09,Dashen,Google Play,com.cr2.amolelight,good app,POSITIVE,0.9998493194580078,Other,Other
Simplify.,5,2023-08-01,Dashen,Google Play,com.cr2.amolelight,simplify,POSITIVE,0.9964726567268372,Other,Other
"Abel Balcha, and Abel Solomon, sad to say what is annoying is to read your comment about password. Your comments on password tell your limited knowledge about digital security. Both comments goes against strong security policies; It is meant to protect your assets. Don't be careless on it. Reconsider your review. In a way you are telling how secure this app is. I hope Dashen will respond to disqualify your review points. It is just not fair.",4,2023-07-30,Dashen,Google Play,com.cr2.amolelight,abel balcha and abel solomon sad to say what is annoying is to read your comment about password your comments on password tell your limited knowledge about digital security both comments goes against strong security policies it is meant to protect your assets don t be careless on it reconsider your review in a way you are telling how secure this app is i hope dashen will respond to disqualify your review points it is just not fair,NEGATIVE,0.9970364570617676,Login/Access,Other
good👍,4,2023-07-28,Dashen,Google Play,com.cr2.amolelight,good,POSITIVE,0.999816119670868,Other,Other
good app,5,2023-07-27,Dashen,Google Play,com.cr2.amolelight,good app,POSITIVE,0.9998493194580078,Other,Other
"I really enjoy this app because by doing anything it could remind me and saying you logged in with this app, if is not you contact this number.. So I like it",5,2023-07-23,Dashen,Google Play,com.cr2.amolelight,i really enjoy this app because by doing anything it could remind me and saying you logged in with this app if is not you contact this number so i like it,POSITIVE,0.9993964433670044,Other,Other
Tell 6836,1,2023-07-22,Dashen,Google Play,com.cr2.amolelight,tell 6836,NEGATIVE,0.9464446902275084,Other,Other
"The login should be auto filled,",3,2023-07-20,Dashen,Google Play,com.cr2.amolelight,the login should be auto filled,NEGATIVE,0.9987738728523254,Login/Access,Other
የአንድ ጊዜ ምስጥር ቁጥር ቶሎ አይመጣም ብዙ ሰዓት ያስጠብቃል ማሻሻያ ይደረግ,2,2023-07-20,Dashen,Google Play,com.cr2.amolelight,,POSITIVE,0.7481208443641663,Other,Other
Used balance check app,5,2023-07-14,Dashen,Google Play,com.cr2.amolelight,used balance check app,NEGATIVE,0.9891077280044556,Other,Other
Nice so perfect,5,2023-07-06,Dashen,Google Play,com.cr2.amolelight,nice so perfect,POSITIVE,0.9998693466186525,Other,Other
It is easy to use,5,2023-07-04,Dashen,Google Play,com.cr2.amolelight,it is easy to use,POSITIVE,0.9991773962974548,Other,Other
This appi is 👍Good,3,2023-06-09,Dashen,Google Play,com.cr2.amolelight,this appi is good,POSITIVE,0.9998518228530884,Other,Other
ጥሩ ነው ግን chrom ላይ password save አድርጎ ያቆያል,5,2023-06-09,Dashen,Google Play,com.cr2.amolelight,chrom password save,NEGATIVE,0.9636728167533876,Login/Access,Other
Thankz,3,2023-06-08,Dashen,Google Play,com.cr2.amolelight,thankz,POSITIVE,0.9998202919960022,Other,Other
Why should change password it's not good if ur client forget password it can be exhausted for client,2,2023-06-08,Dashen,Google Play,com.cr2.amolelight,why should change password it s not good if ur client forget password it can be exhausted for client,NEGATIVE,0.9993340373039246,Login/Access,Other
OTP not send on time while processing any transactions by this app.,4,2023-06-07,Dashen,Google Play,com.cr2.amolelight,otp not send on time while processing any transactions by this app,NEGATIVE,0.9865256547927856,Login/Access,Other
"It is simple to use, one annoying thing is, it demands you to change passward frequently and then, when we get confused which passward we used last time, it locks you out, if you put wrong passward and then tells to go to your bank, which may be miles away. Please make the frequency of passward change less frequent.",2,2023-06-06,Dashen,Google Play,com.cr2.amolelight,it is simple to use one annoying thing is it demands you to change passward frequently and then when we get confused which passward we used last time it locks you out if you put wrong passward and then tells to go to your bank which may be miles away please make the frequency of passward change less frequent,NEGATIVE,0.9986528158187866,Other,Other
good upp,1,2023-06-06,Dashen,Google Play,com.cr2.amolelight,good upp,POSITIVE,0.9998412132263184,Other,Other
Five star,5,2023-05-26,Dashen,Google Play,com.cr2.amolelight,five star,POSITIVE,0.9985104203224182,Other,Other
It's amazing app use it!,5,2023-05-21,Dashen,Google Play,com.cr2.amolelight,it s amazing app use it,POSITIVE,0.999835729598999,Other,Other
"I really enjoy using the amole app simple and easy. I hope the developers add card management services like change your pin, disable card and so on other than that I enjoy using amole it's great 👍",5,2023-05-16,Dashen,Google Play,com.cr2.amolelight,i really enjoy using the amole app simple and easy i hope the developers add card management services like change your pin disable card and so on other than that i enjoy using amole it s great,POSITIVE,0.9980169534683228,Support,Other
I can't update amole lite and when I try to use the old version it can't log on to my account.,3,2023-05-13,Dashen,Google Play,com.cr2.amolelight,i can t update amole lite and when i try to use the old version it can t log on to my account,NEGATIVE,0.9989295601844788,Other,Other
It's good and easy to user from any branch. I say Continue ahead,5,2023-05-10,Dashen,Google Play,com.cr2.amolelight,it s good and easy to user from any branch i say continue ahead,POSITIVE,0.999841570854187,Other,Other
ፈጣን እና ምርጥ ባንክ ነው mobile banking ደሞ በታም ኣሪፍ አና ተሎ የሚደርስ ከሌላ bank የተለየ ነው ቀጥሉበት ፡፡ እናመሰግናለን,5,2023-05-05,Dashen,Google Play,com.cr2.amolelight,mobile banking bank,POSITIVE,0.6749122142791748,Other,Other
This app is not expected from a bank that says they are pioneer in adapting technology.its user interface is worst than other bank its not intuitive at all .it needs lots of work,3,2023-04-28,Dashen,Google Play,com.cr2.amolelight,this app is not expected from a bank that says they are pioneer in adapting technology its user interface is worst than other bank its not intuitive at all it needs lots of work,NEGATIVE,0.9990492463111876,Features/UI,Other
Best Application,5,2023-04-08,Dashen,Google Play,com.cr2.amolelight,best application,POSITIVE,0.9998098015785216,Other,Other
ለ ንግድ ስራ yamehon 6 war yamemalsew tenshe bedr eflgalhu,4,2023-03-29,Dashen,Google Play,com.cr2.amolelight,yamehon 6 war yamemalsew tenshe bedr eflgalhu,NEGATIVE,0.9709039330482484,Other,Other
